year,network,station_dir,station_codes_from_header,file_count,first_file_date,last_file_date,first_start_utc,last_end_utc,sampling_rates_hz,channels,components,trace_ids,median_npts_per_trace,metadata_xml_count,read_error_count,read_errors
2014,1D,1D.4001,1D.4001,15,2014-07-19,2014-08-02,2014-07-19T19:54:35.000000Z,2014-08-02T19:57:39.996000Z,250,DPZ,Z,1D.4001..DPZ,21600001,1,0,
2014,1D,1D.4003,1D.4003,15,2014-07-19,2014-08-02,2014-07-19T20:16:18.000000Z,2014-08-02T19:05:08.996000Z,250,DPZ,Z,1D.4003..DPZ,21600001,1,0,
2014,1D,1D.4004,1D.4004,15,2014-07-19,2014-08-02,2014-07-19T20:19:37.000000Z,2014-08-02T18:42:15.996000Z,250,DPZ,Z,1D.4004..DPZ,21600001,1,0,
2014,1D,1D.4005,1D.4005,15,2014-07-19,2014-08-02,2014-07-19T20:46:33.000000Z,2014-08-02T18:34:15.996000Z,250,DPZ,Z,1D.4005..DPZ,21600001,1,0,
2014,1D,1D.4006,1D.4006,15,2014-07-19,2014-08-02,2014-07-19T20:44:38.000000Z,2014-08-02T22:19:24.996000Z,250,DPZ,Z,1D.4006..DPZ,21600001,1,0,
2014,1D,1D.4007,1D.4007,16,2014-07-19,2014-08-03,2014-07-19T20:57:08.000000Z,2014-08-03T03:26:39.996000Z,250,DPZ,Z,1D.4007..DPZ,21600001,1,0,
2014,1D,1D.4008,1D.4008,3,2014-07-19,2014-07-21,2014-07-19T20:57:31.000000Z,2014-07-21T23:58:32.996000Z,250,DPZ,Z,1D.4008..DPZ,21578250,1,0,
2014,1D,1D.4009,1D.4009,16,2014-07-19,2014-08-03,2014-07-19T21:22:08.000000Z,2014-08-03T10:55:13.996000Z,250,DPZ,Z,1D.4009..DPZ,21600001,1,0,
2014,1D,1D.4010,1D.4010,14,2014-07-22,2014-08-04,2014-07-22T00:21:27.000000Z,2014-08-04T18:22:05.996000Z,250,DPZ,Z,1D.4010..DPZ,21600001,1,0,
2014,1D,1D.4012,1D.4012,14,2014-07-22,2014-08-04,2014-07-22T17:47:05.000000Z,2014-08-04T14:15:11.996000Z,250,DPZ,Z,1D.4012..DPZ,21600001,1,0,
2014,1D,1D.4013,1D.4013,14,2014-07-22,2014-08-04,2014-07-22T18:02:33.000000Z,2014-08-04T17:16:35.996000Z,250,DPZ,Z,1D.4013..DPZ,21600001,1,0,
2014,1D,1D.4014,1D.4014,14,2014-07-22,2014-08-04,2014-07-22T18:01:55.000000Z,2014-08-04T16:58:29.996000Z,250,DPZ,Z,1D.4014..DPZ,21600001,1,0,
2014,1D,1D.4015,1D.4015,14,2014-07-22,2014-08-04,2014-07-22T18:12:06.000000Z,2014-08-04T17:04:18.996000Z,250,DPZ,Z,1D.4015..DPZ,21600001,1,0,
2014,1D,1D.4016,1D.4016,14,2014-07-22,2014-08-04,2014-07-22T18:24:36.000000Z,2014-08-04T17:29:54.996000Z,250,DPZ,Z,1D.4016..DPZ,21600001,1,0,
2014,1D,1D.4017,1D.4017,8,2014-07-22,2014-07-29,2014-07-22T18:24:37.000000Z,2014-07-29T23:02:20.996000Z,250,DPZ,Z,1D.4017..DPZ,21600001,1,0,
2014,1D,1D.4018,1D.4018,14,2014-07-22,2014-08-04,2014-07-22T18:37:06.000000Z,2014-08-04T19:40:18.996000Z,250,DPZ,Z,1D.4018..DPZ,21600001,1,0,
2014,1D,1D.4019,1D.4019,14,2014-07-22,2014-08-04,2014-07-22T18:42:22.000000Z,2014-08-04T19:32:28.996000Z,250,DPZ,Z,1D.4019..DPZ,21600001,1,0,
2014,1D,1D.4020,1D.4020,14,2014-07-22,2014-08-04,2014-07-22T18:49:38.000000Z,2014-08-04T19:22:16.996000Z,250,DPZ,Z,1D.4020..DPZ,21600001,1,0,
2014,1D,1D.4021,1D.4021,14,2014-07-22,2014-08-04,2014-07-22T19:02:06.000000Z,2014-08-04T19:17:16.996000Z,250,DPZ,Z,1D.4021..DPZ,21600001,1,0,
2014,1D,1D.4022,1D.4022,14,2014-07-22,2014-08-04,2014-07-22T19:04:23.000000Z,2014-08-04T19:15:11.996000Z,250,DPZ,Z,1D.4022..DPZ,21600001,1,0,
2014,1D,1D.4023,1D.4023,14,2014-07-22,2014-08-04,2014-07-22T19:14:38.000000Z,2014-08-04T18:59:14.996000Z,250,DPZ,Z,1D.4023..DPZ,21600001,1,0,
2014,1D,1D.4024,1D.4024,14,2014-07-22,2014-08-04,2014-07-22T19:27:07.000000Z,2014-08-04T18:49:53.996000Z,250,DPZ,Z,1D.4024..DPZ,21600001,1,0,
2014,1D,1D.4025,1D.4025,14,2014-07-22,2014-08-04,2014-07-22T19:27:08.000000Z,2014-08-04T18:41:10.996000Z,250,DPZ,Z,1D.4025..DPZ,21600001,1,0,
2014,1D,1D.4026,1D.4026,14,2014-07-22,2014-08-04,2014-07-22T19:39:37.000000Z,2014-08-04T18:36:11.996000Z,250,DPZ,Z,1D.4026..DPZ,21600001,1,0,
2014,1D,1D.4027,1D.4027,14,2014-07-22,2014-08-04,2014-07-22T19:41:48.000000Z,2014-08-04T18:25:16.996000Z,250,DPZ,Z,1D.4027..DPZ,21600001,1,0,
2014,1D,1D.4028,1D.4028,14,2014-07-22,2014-08-04,2014-07-22T19:52:07.000000Z,2014-08-04T18:44:19.996000Z,250,DPZ,Z,1D.4028..DPZ,21600001,1,0,
2014,1D,1D.4029,1D.4029,16,2014-07-19,2014-08-03,2014-07-19T22:01:27.000000Z,2014-08-03T22:42:38.996000Z,250,DPZ,Z,1D.4029..DPZ,21600001,1,0,
2014,1D,1D.4030,1D.4030,15,2014-07-19,2014-08-02,2014-07-19T21:59:36.000000Z,2014-08-02T19:25:28.996000Z,250,DPZ,Z,1D.4030..DPZ,21600001,1,0,
2014,1D,1D.4031,1D.4031,15,2014-07-19,2014-08-02,2014-07-19T21:47:41.000000Z,2014-08-02T19:35:23.996000Z,250,DPZ,Z,1D.4031..DPZ,21600001,1,0,
2014,1D,1D.4032,1D.4032,15,2014-07-19,2014-08-02,2014-07-19T21:47:06.000000Z,2014-08-02T19:43:32.996000Z,250,DPZ,Z,1D.4032..DPZ,21600001,1,0,
2014,1D,1D.4033,1D.4033,15,2014-07-19,2014-08-02,2014-07-19T21:34:37.000000Z,2014-08-02T19:52:53.996000Z,250,DPZ,Z,1D.4033..DPZ,21600001,1,0,
2014,1D,1D.4034,1D.4034,15,2014-07-19,2014-08-02,2014-07-19T21:22:05.000000Z,2014-08-02T20:02:11.996000Z,250,DPZ,Z,1D.4034..DPZ,21600001,1,0,
2014,1D,1D.4035,1D.4035,15,2014-07-19,2014-08-02,2014-07-19T21:11:17.000000Z,2014-08-02T20:08:51.996000Z,250,DPZ,Z,1D.4035..DPZ,21600001,1,0,
2014,1D,1D.4036,1D.4036,15,2014-07-19,2014-08-02,2014-07-19T21:09:36.000000Z,2014-08-02T20:20:16.996000Z,250,DPZ,Z,1D.4036..DPZ,21600001,1,0,
2014,1D,1D.4037,1D.4037,15,2014-07-19,2014-08-02,2014-07-19T21:29:09.000000Z,2014-08-02T20:22:21.996000Z,250,DPZ,Z,1D.4037..DPZ,21600001,1,0,
2014,1D,1D.4038,1D.4038,15,2014-07-19,2014-08-02,2014-07-19T20:21:32.000000Z,2014-08-02T20:33:20.996000Z,250,DPZ,Z,1D.4038..DPZ,21600001,1,0,
2014,1D,1D.4039,1D.4039,15,2014-07-19,2014-08-02,2014-07-19T20:08:09.000000Z,2014-08-02T20:33:03.996000Z,250,DPZ,Z,1D.4039..DPZ,21600001,1,0,
2014,1D,1D.4040,1D.4040,15,2014-07-19,2014-08-02,2014-07-19T20:07:06.000000Z,2014-08-02T20:45:06.996000Z,250,DPZ,Z,1D.4040..DPZ,21600001,1,0,
2014,1D,1D.4041,1D.4041,15,2014-07-19,2014-08-02,2014-07-19T19:54:36.000000Z,2014-08-02T20:50:04.996000Z,250,DPZ,Z,1D.4041..DPZ,21600001,1,0,
2014,1D,1D.4042,1D.4042,15,2014-07-19,2014-08-02,2014-07-19T19:42:07.000000Z,2014-08-02T20:55:03.996000Z,250,DPZ,Z,1D.4042..DPZ,21600001,1,0,
2014,1D,1D.4043,1D.4043,15,2014-07-19,2014-08-02,2014-07-19T19:31:30.000000Z,2014-08-02T21:01:54.996000Z,250,DPZ,Z,1D.4043..DPZ,21600001,1,0,
2014,1D,1D.4044,1D.4044,15,2014-07-19,2014-08-02,2014-07-19T23:39:36.000000Z,2014-08-02T19:59:58.996000Z,250,DPZ,Z,1D.4044..DPZ,21600001,1,0,
2014,1D,1D.4045,1D.4045,15,2014-07-19,2014-08-02,2014-07-19T23:52:08.000000Z,2014-08-02T19:55:02.996000Z,250,DPZ,Z,1D.4045..DPZ,21600001,1,0,
2014,1D,1D.4046,1D.4046,15,2014-07-19,2014-08-02,2014-07-19T23:53:24.000000Z,2014-08-02T19:47:34.996000Z,250,DPZ,Z,1D.4046..DPZ,21600001,1,0,
2014,1D,1D.4047,1D.4047,14,2014-07-20,2014-08-02,2014-07-20T00:09:36.000000Z,2014-08-02T19:41:56.996000Z,250,DPZ,Z,1D.4047..DPZ,21600001,1,0,
2014,1D,1D.4048,1D.4048,14,2014-07-20,2014-08-02,2014-07-20T00:09:38.000000Z,2014-08-02T19:37:36.996000Z,250,DPZ,Z,1D.4048..DPZ,21600001,1,0,
2014,1D,1D.4049,1D.4049,14,2014-07-20,2014-08-02,2014-07-20T00:22:08.000000Z,2014-08-02T19:23:54.996000Z,250,DPZ,Z,1D.4049..DPZ,21600001,1,0,
2014,1D,1D.4050,1D.4050,14,2014-07-20,2014-08-02,2014-07-20T00:22:06.000000Z,2014-08-02T19:19:30.996000Z,250,DPZ,Z,1D.4050..DPZ,21600001,1,0,
2014,1D,1D.4051,1D.4051,14,2014-07-20,2014-08-02,2014-07-20T00:34:34.000000Z,2014-08-02T19:14:30.996000Z,250,DPZ,Z,1D.4051..DPZ,21600001,1,0,
2014,1D,1D.4052,1D.4052,14,2014-07-20,2014-08-02,2014-07-20T00:34:37.000000Z,2014-08-02T19:05:49.996000Z,250,DPZ,Z,1D.4052..DPZ,21600001,1,0,
2014,1D,1D.4053,1D.4053,14,2014-07-20,2014-08-02,2014-07-20T00:36:43.000000Z,2014-08-02T18:59:11.996000Z,250,DPZ,Z,1D.4053..DPZ,21600001,1,0,
2014,1D,1D.4054,1D.4054,15,2014-07-20,2014-08-03,2014-07-20T00:47:06.000000Z,2014-08-03T13:10:19.996000Z,250,DPZ,Z,1D.4054..DPZ,21600001,1,0,
2014,1D,1D.4055,1D.4055,13,2014-07-21,2014-08-02,2014-07-21T19:55:48.000000Z,2014-08-02T07:06:09.996000Z,250,DPZ,Z,1D.4055..DPZ,21600001,1,0,
2014,1D,1D.4056,1D.4056,14,2014-07-21,2014-08-03,2014-07-21T20:32:20.000000Z,2014-08-03T19:55:06.996000Z,250,DPZ,Z,1D.4056..DPZ,21600001,1,0,
2014,1D,1D.4057,1D.4057,14,2014-07-21,2014-08-03,2014-07-21T20:44:38.000000Z,2014-08-03T19:58:40.996000Z,250,DPZ,Z,1D.4057..DPZ,21600001,1,0,
2014,1D,1D.4058,1D.4058,14,2014-07-21,2014-08-03,2014-07-21T20:57:07.000000Z,2014-08-03T20:06:47.996000Z,250,DPZ,Z,1D.4058..DPZ,21600001,1,0,
2014,1D,1D.4060,1D.4060,14,2014-07-21,2014-08-03,2014-07-21T21:09:35.000000Z,2014-08-03T20:19:15.996000Z,250,DPZ,Z,1D.4060..DPZ,21600001,1,0,
2014,1D,1D.4061,1D.4061,14,2014-07-21,2014-08-03,2014-07-21T21:22:39.000000Z,2014-08-03T20:41:03.996000Z,250,DPZ,Z,1D.4061..DPZ,21600001,1,0,
2014,1D,1D.4062,1D.4062,14,2014-07-21,2014-08-03,2014-07-21T21:47:15.000000Z,2014-08-03T21:01:17.996000Z,250,DPZ,Z,1D.4062..DPZ,21600001,1,0,
2014,1D,1D.4063,1D.4063,14,2014-07-21,2014-08-03,2014-07-21T21:47:05.000000Z,2014-08-03T21:09:51.996000Z,250,DPZ,Z,1D.4063..DPZ,21600001,1,0,
2014,1D,1D.4064,1D.4064,14,2014-07-21,2014-08-03,2014-07-21T21:59:37.000000Z,2014-08-03T21:13:39.996000Z,250,DPZ,Z,1D.4064..DPZ,21600001,1,0,
2014,1D,1D.4065,1D.4065,14,2014-07-21,2014-08-03,2014-07-21T22:12:06.000000Z,2014-08-03T19:32:36.996000Z,250,DPZ,Z,1D.4065..DPZ,21600001,1,0,
2014,1D,1D.4067,1D.4067,14,2014-07-21,2014-08-03,2014-07-21T22:24:35.000000Z,2014-08-03T19:31:59.996000Z,250,DPZ,Z,1D.4067..DPZ,21600001,1,0,
2014,1D,1D.4068,1D.4068,14,2014-07-21,2014-08-03,2014-07-21T22:24:36.000000Z,2014-08-03T19:32:00.996000Z,250,DPZ,Z,1D.4068..DPZ,21600001,1,0,
2014,1D,1D.4069,1D.4069,14,2014-07-21,2014-08-03,2014-07-21T18:52:07.000000Z,2014-08-03T19:33:29.996000Z,250,DPZ,Z,1D.4069..DPZ,21600001,1,0,
2014,1D,1D.4070,1D.4070,14,2014-07-21,2014-08-03,2014-07-21T18:52:07.000000Z,2014-08-03T19:46:35.996000Z,250,DPZ,Z,1D.4070..DPZ,21600001,1,0,
2014,1D,1D.4071,1D.4071,14,2014-07-21,2014-08-03,2014-07-21T18:41:17.000000Z,2014-08-03T19:48:51.996000Z,250,DPZ,Z,1D.4071..DPZ,21600001,1,0,
2014,1D,1D.4072,1D.4072,14,2014-07-21,2014-08-03,2014-07-21T19:05:59.000000Z,2014-08-03T19:34:15.996000Z,250,DPZ,Z,1D.4072..DPZ,21600001,1,0,
2014,1D,1D.4073,1D.4073,14,2014-07-21,2014-08-03,2014-07-21T19:17:06.000000Z,2014-08-03T19:32:16.996000Z,250,DPZ,Z,1D.4073..DPZ,21600001,1,0,
2014,1D,1D.4075,1D.4075,14,2014-07-21,2014-08-03,2014-07-21T19:42:06.000000Z,2014-08-03T19:35:26.996000Z,250,DPZ,Z,1D.4075..DPZ,21600001,1,0,
2014,1D,1D.4076,1D.4076,14,2014-07-21,2014-08-03,2014-07-21T19:42:06.000000Z,2014-08-03T19:35:26.996000Z,250,DPZ,Z,1D.4076..DPZ,21600001,1,0,
2014,1D,1D.4077,1D.4077,14,2014-07-21,2014-08-03,2014-07-21T19:54:36.000000Z,2014-08-03T23:04:26.996000Z,250,DPZ,Z,1D.4077..DPZ,21600001,1,0,
2014,1D,1D.4078,1D.4078,14,2014-07-21,2014-08-03,2014-07-21T20:07:08.000000Z,2014-08-03T23:12:36.996000Z,250,DPZ,Z,1D.4078..DPZ,21600001,1,0,
2014,1D,1D.4080,1D.4080,14,2014-07-21,2014-08-03,2014-07-21T20:20:25.000000Z,2014-08-03T23:25:53.996000Z,250,DPZ,Z,1D.4080..DPZ,21600001,1,0,
2014,1D,1D.4081,1D.4081,14,2014-07-21,2014-08-03,2014-07-21T20:32:08.000000Z,2014-08-03T23:28:52.996000Z,250,DPZ,Z,1D.4081..DPZ,21600001,1,0,
2014,1D,1D.4082,1D.4082,14,2014-07-21,2014-08-03,2014-07-21T20:57:08.000000Z,2014-08-03T23:36:24.996000Z,250,DPZ,Z,1D.4082..DPZ,21600001,1,0,
2014,1D,1D.4083,1D.4083,14,2014-07-21,2014-08-03,2014-07-21T20:57:06.000000Z,2014-08-03T23:40:44.996000Z,250,DPZ,Z,1D.4083..DPZ,21600001,1,0,
2014,1D,1D.4084,1D.4084,14,2014-07-21,2014-08-03,2014-07-21T20:57:54.000000Z,2014-08-03T23:50:16.996000Z,250,DPZ,Z,1D.4084..DPZ,21600001,1,0,
2014,1D,1D.4086,1D.4086,14,2014-07-21,2014-08-03,2014-07-21T21:09:35.000000Z,2014-08-03T23:53:13.996000Z,250,DPZ,Z,1D.4086..DPZ,21600001,1,0,
2014,1D,1D.4093,1D.4093,14,2014-07-21,2014-08-03,2014-07-21T21:09:37.000000Z,2014-08-03T19:44:21.996000Z,250,DPZ,Z,1D.4093..DPZ,21600001,1,0,
2014,1D,1D.4094,1D.4094,16,2014-07-21,2014-08-05,2014-07-21T20:57:06.000000Z,2014-08-05T11:22:35.996000Z,250,DPZ,Z,1D.4094..DPZ,21600001,1,0,
2014,1D,1D.4095,1D.4095,14,2014-07-21,2014-08-03,2014-07-21T21:16:30.000000Z,2014-08-03T19:55:36.996000Z,250,DPZ,Z,1D.4095..DPZ,21600001,1,0,
2014,1D,1D.4096,1D.4096,14,2014-07-21,2014-08-03,2014-07-21T20:44:37.000000Z,2014-08-03T20:03:01.996000Z,250,DPZ,Z,1D.4096..DPZ,21600001,1,0,
2014,1D,1D.4097,1D.4097,12,2014-07-21,2014-08-01,2014-07-21T20:44:36.000000Z,2014-08-01T23:41:31.996000Z,250,DPZ,Z,1D.4097..DPZ,21600001,1,0,
2014,1D,1D.4098,1D.4098,14,2014-07-21,2014-08-03,2014-07-21T20:32:07.000000Z,2014-08-03T20:12:21.996000Z,250,DPZ,Z,1D.4098..DPZ,21600001,1,0,
2014,1D,1D.4100,1D.4100,13,2014-07-21,2014-08-02,2014-07-21T20:19:36.000000Z,2014-08-02T23:21:53.996000Z,250,DPZ,Z,1D.4100..DPZ,21600001,1,0,
2014,1D,1D.4101,1D.4101,14,2014-07-21,2014-08-03,2014-07-21T20:19:36.000000Z,2014-08-03T20:30:24.996000Z,250,DPZ,Z,1D.4101..DPZ,21600001,1,0,
2014,1D,1D.4102,1D.4102,14,2014-07-21,2014-08-03,2014-07-21T20:08:13.000000Z,2014-08-03T20:40:51.996000Z,250,DPZ,Z,1D.4102..DPZ,21600001,1,0,
2014,1D,1D.4103,1D.4103,14,2014-07-21,2014-08-03,2014-07-21T20:07:07.000000Z,2014-08-03T20:48:29.996000Z,250,DPZ,Z,1D.4103..DPZ,21600001,1,0,
2014,1D,1D.4104,1D.4104,14,2014-07-21,2014-08-03,2014-07-21T19:59:11.000000Z,2014-08-03T20:53:39.996000Z,250,DPZ,Z,1D.4104..DPZ,21600001,1,0,
2014,1D,1D.4105,1D.4105,14,2014-07-21,2014-08-03,2014-07-21T19:54:37.000000Z,2014-08-03T20:57:49.996000Z,250,DPZ,Z,1D.4105..DPZ,21600001,1,0,
2014,1D,1D.4106,1D.4106,14,2014-07-21,2014-08-03,2014-07-21T19:42:23.000000Z,2014-08-03T21:07:25.996000Z,250,DPZ,Z,1D.4106..DPZ,21600001,1,0,
2014,1D,1D.4107,1D.4107,14,2014-07-21,2014-08-03,2014-07-21T19:42:07.000000Z,2014-08-03T21:11:31.996000Z,250,DPZ,Z,1D.4107..DPZ,21600001,1,0,
2014,1D,1D.4108,1D.4108,14,2014-07-21,2014-08-03,2014-07-21T19:42:06.000000Z,2014-08-03T21:15:52.996000Z,250,DPZ,Z,1D.4108..DPZ,21600001,1,0,
2014,1D,1D.4109,1D.4109,14,2014-07-21,2014-08-03,2014-07-21T19:29:36.000000Z,2014-08-03T21:25:12.996000Z,250,DPZ,Z,1D.4109..DPZ,21600001,1,0,
2014,1D,1D.4110,1D.4110,14,2014-07-21,2014-08-03,2014-07-21T19:29:36.000000Z,2014-08-03T21:29:34.996000Z,250,DPZ,Z,1D.4110..DPZ,21600001,1,0,
2014,1D,1D.4111,1D.4111,14,2014-07-21,2014-08-03,2014-07-21T19:17:33.000000Z,2014-08-03T21:34:59.996000Z,250,DPZ,Z,1D.4111..DPZ,21600001,1,0,
2014,1D,1D.4112,1D.4112,14,2014-07-21,2014-08-03,2014-07-21T19:17:06.000000Z,2014-08-03T21:43:16.996000Z,250,DPZ,Z,1D.4112..DPZ,21600001,1,0,
2014,1D,1D.4115,1D.4115,14,2014-07-20,2014-08-02,2014-07-20T00:59:38.000000Z,2014-08-02T19:13:22.996000Z,250,DPZ,Z,1D.4115..DPZ,21600001,1,0,
2014,1D,1D.4116,1D.4116,14,2014-07-20,2014-08-02,2014-07-20T00:59:38.000000Z,2014-08-02T19:30:50.996000Z,250,DPZ,Z,1D.4116..DPZ,21600001,1,0,
2014,1D,1D.4117,1D.4117,14,2014-07-20,2014-08-02,2014-07-20T00:35:10.000000Z,2014-08-02T19:45:40.996000Z,250,DPZ,Z,1D.4117..DPZ,21600001,1,0,
2014,1D,1D.4118,1D.4118,14,2014-07-20,2014-08-02,2014-07-20T00:34:37.000000Z,2014-08-02T19:58:13.996000Z,250,DPZ,Z,1D.4118..DPZ,21600001,1,0,
2014,1D,1D.4119,1D.4119,14,2014-07-20,2014-08-02,2014-07-20T00:23:16.000000Z,2014-08-02T20:30:32.996000Z,250,DPZ,Z,1D.4119..DPZ,21600001,1,0,
2014,1D,1D.4120,1D.4120,14,2014-07-20,2014-08-02,2014-07-20T00:12:41.000000Z,2014-08-02T20:24:19.996000Z,250,DPZ,Z,1D.4120..DPZ,21600001,1,0,
2014,1D,1D.4121,1D.4121,14,2014-07-20,2014-08-02,2014-07-20T00:09:36.000000Z,2014-08-02T20:56:10.996000Z,250,DPZ,Z,1D.4121..DPZ,21600001,1,0,
2014,1D,1D.4122,1D.4122,14,2014-07-20,2014-08-02,2014-07-20T00:09:35.000000Z,2014-08-02T21:04:53.996000Z,250,DPZ,Z,1D.4122..DPZ,21600001,1,0,
2014,1D,1D.4123,1D.4123,15,2014-07-19,2014-08-02,2014-07-19T23:52:06.000000Z,2014-08-02T21:09:14.996000Z,250,DPZ,Z,1D.4123..DPZ,21600001,1,0,
2014,1D,1D.4124,1D.4124,13,2014-07-19,2014-07-31,2014-07-19T23:39:36.000000Z,2014-07-31T13:53:21.996000Z,250,DPZ,Z,1D.4124..DPZ,21600001,1,0,
2014,1D,1D.4125,1D.4125,15,2014-07-19,2014-08-02,2014-07-19T23:39:38.000000Z,2014-08-02T21:18:36.996000Z,250,DPZ,Z,1D.4125..DPZ,21600001,1,0,
2014,1D,1D.4126,1D.4126,15,2014-07-19,2014-08-02,2014-07-19T23:27:06.000000Z,2014-08-02T21:27:54.996000Z,250,DPZ,Z,1D.4126..DPZ,21600001,1,0,
2014,1D,1D.4127,1D.4127,15,2014-07-19,2014-08-02,2014-07-19T23:03:36.000000Z,2014-08-02T21:39:20.996000Z,250,DPZ,Z,1D.4127..DPZ,21600001,1,0,
2014,1D,1D.4128,1D.4128,15,2014-07-19,2014-08-02,2014-07-19T23:02:06.000000Z,2014-08-02T21:46:34.996000Z,250,DPZ,Z,1D.4128..DPZ,21600001,1,0,
2014,1D,1D.4129,1D.4129,15,2014-07-19,2014-08-02,2014-07-19T22:49:36.000000Z,2014-08-02T22:09:00.996000Z,250,DPZ,Z,1D.4129..DPZ,21600001,1,0,
2014,1D,1D.4130,1D.4130,15,2014-07-19,2014-08-02,2014-07-19T22:37:07.000000Z,2014-08-02T22:13:59.996000Z,250,DPZ,Z,1D.4130..DPZ,21600001,1,0,
2014,1D,1D.4131,1D.4131,17,2014-07-19,2014-08-04,2014-07-19T22:12:05.000000Z,2014-08-04T03:50:12.996000Z,250,DPZ,Z,1D.4131..DPZ,21600001,1,0,
2014,1D,1D.4132,1D.4132,15,2014-07-19,2014-08-02,2014-07-19T21:53:58.000000Z,2014-08-02T19:24:12.996000Z,250,DPZ,Z,1D.4132..DPZ,21600001,1,0,
2014,1D,1D.4133,1D.4133,15,2014-07-19,2014-08-02,2014-07-19T21:09:35.000000Z,2014-08-02T21:25:45.996000Z,250,DPZ,Z,1D.4133..DPZ,21600001,1,0,
2014,1D,1D.4134,1D.4134,15,2014-07-19,2014-08-02,2014-07-19T20:57:07.000000Z,2014-08-02T21:22:01.996000Z,250,DPZ,Z,1D.4134..DPZ,21600001,1,0,
2014,1D,1D.4135,1D.4135,15,2014-07-19,2014-08-02,2014-07-19T20:44:38.000000Z,2014-08-02T21:22:38.996000Z,250,DPZ,Z,1D.4135..DPZ,21600001,1,0,
2014,1D,1D.4136,1D.4136,15,2014-07-19,2014-08-02,2014-07-19T20:32:08.000000Z,2014-08-02T21:36:20.996000Z,250,DPZ,Z,1D.4136..DPZ,21600001,1,0,
2014,1D,1D.4137,1D.4137,15,2014-07-19,2014-08-02,2014-07-19T20:19:37.000000Z,2014-08-02T21:23:49.996000Z,250,DPZ,Z,1D.4137..DPZ,21600001,1,0,
2014,1D,1D.4138,1D.4138,15,2014-07-19,2014-08-02,2014-07-19T20:07:11.000000Z,2014-08-02T21:24:29.996000Z,250,DPZ,Z,1D.4138..DPZ,21600001,1,0,
2014,1D,1D.4139,1D.4139,11,2014-07-19,2014-07-29,2014-07-19T19:56:25.000000Z,2014-07-29T22:15:13.996000Z,250,DPZ,Z,1D.4139..DPZ,21600001,1,0,
2014,1D,1D.4140,1D.4140,15,2014-07-19,2014-08-02,2014-07-19T19:54:36.000000Z,2014-08-02T21:33:44.996000Z,250,DPZ,Z,1D.4140..DPZ,21600001,1,0,
2014,1D,1D.4141,1D.4141,15,2014-07-19,2014-08-02,2014-07-19T19:42:05.000000Z,2014-08-02T21:29:57.996000Z,250,DPZ,Z,1D.4141..DPZ,21600001,1,0,
2014,1D,1D.4150,1D.4150,17,2014-07-19,2014-08-04,2014-07-19T19:04:36.000000Z,2014-08-04T10:27:51.996000Z,250,DPZ,Z,1D.4150..DPZ,21600001,1,0,
2014,1D,1D.4151,1D.4151,16,2014-07-19,2014-08-03,2014-07-19T18:39:36.000000Z,2014-08-03T13:13:59.996000Z,250,DPZ,Z,1D.4151..DPZ,21600001,1,0,
2014,1D,1D.4152,1D.4152,15,2014-07-19,2014-08-02,2014-07-19T18:14:37.000000Z,2014-08-02T20:41:47.996000Z,250,DPZ,Z,1D.4152..DPZ,21600001,1,0,
2014,1D,1D.4154,1D.4154,15,2014-07-19,2014-08-02,2014-07-19T17:28:32.000000Z,2014-08-02T21:18:40.996000Z,250,DPZ,Z,1D.4154..DPZ,21600001,1,0,
2014,1D,1D.4155,1D.4155,15,2014-07-19,2014-08-02,2014-07-19T17:24:37.000000Z,2014-08-02T21:23:29.996000Z,250,DPZ,Z,1D.4155..DPZ,21600001,1,0,
2014,1D,1D.4156,1D.4156,15,2014-07-19,2014-08-02,2014-07-19T17:12:58.000000Z,2014-08-02T21:27:07.996000Z,250,DPZ,Z,1D.4156..DPZ,21600001,1,0,
2014,1D,1D.4157,1D.4157,15,2014-07-19,2014-08-02,2014-07-19T17:12:09.000000Z,2014-08-02T21:35:02.996000Z,250,DPZ,Z,1D.4157..DPZ,21600001,1,0,
2014,1D,1D.4158,1D.4158,15,2014-07-19,2014-08-02,2014-07-19T16:59:36.000000Z,2014-08-02T21:39:57.996000Z,250,DPZ,Z,1D.4158..DPZ,21600001,1,0,
2014,1D,1D.4159,1D.4159,15,2014-07-19,2014-08-02,2014-07-19T16:57:40.000000Z,2014-08-02T21:46:45.996000Z,250,DPZ,Z,1D.4159..DPZ,21600001,1,0,
2014,1D,1D.4160,1D.4160,16,2014-07-19,2014-08-03,2014-07-19T16:47:08.000000Z,2014-08-03T08:09:23.996000Z,250,DPZ,Z,1D.4160..DPZ,21600001,1,0,
2014,1D,1D.4161,1D.4161,15,2014-07-19,2014-08-02,2014-07-19T16:37:47.000000Z,2014-08-02T22:06:10.996000Z,250,DPZ,Z,1D.4161..DPZ,21600001,1,0,
2014,1D,1D.4162,1D.4162,15,2014-07-19,2014-08-02,2014-07-19T16:34:36.000000Z,2014-08-02T17:25:42.996000Z,250,DPZ,Z,1D.4162..DPZ,21600001,1,0,
2014,1D,1D.4163,1D.4163,16,2014-07-19,2014-08-03,2014-07-19T16:22:06.000000Z,2014-08-03T05:42:05.996000Z,250,DPZ,Z,1D.4163..DPZ,21600001,1,0,
2014,1D,1D.4169,1D.4169,13,2014-07-21,2014-08-02,2014-07-21T01:34:38.000000Z,2014-08-02T14:06:46.996000Z,250,DPZ,Z,1D.4169..DPZ,21600001,1,0,
2014,1D,1D.4170,1D.4170,13,2014-07-21,2014-08-02,2014-07-21T01:37:17.000000Z,2014-08-02T23:23:59.996000Z,250,DPZ,Z,1D.4170..DPZ,21600001,1,0,
2014,1D,1D.4171,1D.4171,13,2014-07-21,2014-08-02,2014-07-21T01:34:37.000000Z,2014-08-02T23:30:03.996000Z,250,DPZ,Z,1D.4171..DPZ,21600001,1,0,
2014,1D,1D.4172,1D.4172,13,2014-07-21,2014-08-02,2014-07-21T01:22:16.000000Z,2014-08-02T23:30:48.996000Z,250,DPZ,Z,1D.4172..DPZ,21600001,1,0,
2014,1D,1D.4173,1D.4173,13,2014-07-21,2014-08-02,2014-07-21T01:22:08.000000Z,2014-08-02T23:35:02.996000Z,250,DPZ,Z,1D.4173..DPZ,21600001,1,0,
2014,1D,1D.4174,1D.4174,13,2014-07-21,2014-08-02,2014-07-21T01:10:00.000000Z,2014-08-02T23:36:00.996000Z,250,DPZ,Z,1D.4174..DPZ,21600001,1,0,
2014,1D,1D.4175,1D.4175,13,2014-07-21,2014-08-02,2014-07-21T01:09:37.000000Z,2014-08-02T23:35:37.996000Z,250,DPZ,Z,1D.4175..DPZ,21600001,1,0,
2014,1D,1D.4176,1D.4176,13,2014-07-21,2014-08-02,2014-07-21T01:09:37.000000Z,2014-08-02T23:39:59.996000Z,250,DPZ,Z,1D.4176..DPZ,21600001,1,0,
2014,1D,1D.4177,1D.4177,13,2014-07-21,2014-08-02,2014-07-21T01:02:52.000000Z,2014-08-02T23:41:58.996000Z,250,DPZ,Z,1D.4177..DPZ,21600001,1,0,
2014,1D,1D.4178,1D.4178,13,2014-07-21,2014-08-02,2014-07-21T01:02:01.000000Z,2014-08-02T23:41:07.996000Z,250,DPZ,Z,1D.4178..DPZ,21600001,1,0,
2014,1D,1D.4179,1D.4179,13,2014-07-21,2014-08-02,2014-07-21T00:57:07.000000Z,2014-08-02T23:44:57.996000Z,250,DPZ,Z,1D.4179..DPZ,21600001,1,0,
2014,1D,1D.4180,1D.4180,12,2014-07-21,2014-08-01,2014-07-21T00:57:07.000000Z,2014-08-01T10:00:50.996000Z,250,DPZ,Z,1D.4180..DPZ,21600001,1,0,
2014,1D,1D.4181,1D.4181,13,2014-07-21,2014-08-02,2014-07-21T00:47:26.000000Z,2014-08-02T23:48:22.996000Z,250,DPZ,Z,1D.4181..DPZ,21600001,1,0,
2014,1D,1D.4182,1D.4182,12,2014-07-22,2014-08-02,2014-07-22T00:32:14.000000Z,2014-08-02T23:56:11.996000Z,250,DPZ,Z,1D.4182..DPZ,21600001,1,0,
2014,1D,1D.4183,1D.4183,13,2014-07-22,2014-08-03,2014-07-22T00:42:08.000000Z,2014-08-03T00:01:43.996000Z,250,DPZ,Z,1D.4183..DPZ,21600001,1,0,
2014,1D,1D.4184,1D.4184,13,2014-07-22,2014-08-03,2014-07-22T00:42:06.000000Z,2014-08-03T00:06:03.996000Z,250,DPZ,Z,1D.4184..DPZ,21600001,1,0,
2014,1D,1D.4185,1D.4185,13,2014-07-22,2014-08-03,2014-07-22T00:44:05.000000Z,2014-08-03T00:08:02.996000Z,250,DPZ,Z,1D.4185..DPZ,21600001,1,0,
2014,1D,1D.4186,1D.4186,13,2014-07-22,2014-08-03,2014-07-22T00:45:52.000000Z,2014-08-03T00:09:49.996000Z,250,DPZ,Z,1D.4186..DPZ,21600001,1,0,
2014,1D,1D.4187,1D.4187,13,2014-07-22,2014-08-03,2014-07-22T00:55:08.000000Z,2014-08-03T00:14:43.996000Z,250,DPZ,Z,1D.4187..DPZ,21600001,1,0,
2014,1D,1D.4188,1D.4188,13,2014-07-22,2014-08-03,2014-07-22T17:34:36.000000Z,2014-08-03T16:32:21.996000Z,250,DPZ,Z,1D.4188..DPZ,21600001,1,0,
2014,1D,1D.4189,1D.4189,4,2014-07-22,2014-07-25,2014-07-22T17:47:12.000000Z,2014-07-25T03:51:47.996000Z,250,DPZ,Z,1D.4189..DPZ,13596001,1,0,
2014,1D,1D.4190,1D.4190,13,2014-07-22,2014-08-03,2014-07-22T17:26:22.000000Z,2014-08-03T16:28:29.996000Z,250,DPZ,Z,1D.4190..DPZ,21600001,1,0,
2014,1D,1D.4191,1D.4191,11,2014-07-22,2014-08-01,2014-07-22T17:22:46.000000Z,2014-08-01T08:20:22.996000Z,250,DPZ,Z,1D.4191..DPZ,21600001,1,0,
2014,1D,1D.4192,1D.4192,13,2014-07-22,2014-08-03,2014-07-22T17:22:06.000000Z,2014-08-03T16:24:13.996000Z,250,DPZ,Z,1D.4192..DPZ,21600001,1,0,
2014,1D,1D.4193,1D.4193,13,2014-07-22,2014-08-03,2014-07-22T17:21:36.000000Z,2014-08-03T16:23:43.996000Z,250,DPZ,Z,1D.4193..DPZ,21600001,1,0,
2014,1D,1D.4194,1D.4194,13,2014-07-22,2014-08-03,2014-07-22T17:09:37.000000Z,2014-08-03T16:20:28.996000Z,250,DPZ,Z,1D.4194..DPZ,21600001,1,0,
2014,1D,1D.4195,1D.4195,13,2014-07-22,2014-08-03,2014-07-22T17:09:38.000000Z,2014-08-03T16:20:29.996000Z,250,DPZ,Z,1D.4195..DPZ,21600001,1,0,
2014,1D,1D.4200,1D.4200,13,2014-07-22,2014-08-03,2014-07-22T15:42:07.000000Z,2014-08-03T00:19:38.996000Z,250,DPZ,Z,1D.4200..DPZ,21600001,1,0,
2014,1D,1D.4201,1D.4201,13,2014-07-22,2014-08-03,2014-07-22T15:45:01.000000Z,2014-08-03T00:22:32.996000Z,250,DPZ,Z,1D.4201..DPZ,21600001,1,0,
2014,1D,1D.4202,1D.4202,13,2014-07-22,2014-08-03,2014-07-22T15:54:38.000000Z,2014-08-03T15:44:47.996000Z,250,DPZ,Z,1D.4202..DPZ,21600001,1,0,
2014,1D,1D.4203,1D.4203,13,2014-07-22,2014-08-03,2014-07-22T15:54:35.000000Z,2014-08-03T15:44:44.996000Z,250,DPZ,Z,1D.4203..DPZ,21600001,1,0,
2014,1D,1D.4204,1D.4204,13,2014-07-22,2014-08-03,2014-07-22T15:54:38.000000Z,2014-08-03T15:49:09.996000Z,250,DPZ,Z,1D.4204..DPZ,21600001,1,0,
2014,1D,1D.4205,1D.4205,13,2014-07-22,2014-08-03,2014-07-22T16:57:07.000000Z,2014-08-03T16:16:42.996000Z,250,DPZ,Z,1D.4205..DPZ,21600001,1,0,
2014,1D,1D.4206,1D.4206,13,2014-07-22,2014-08-03,2014-07-22T17:01:01.000000Z,2014-08-03T13:52:08.996000Z,250,DPZ,Z,1D.4206..DPZ,21600001,1,0,
2014,1D,1D.4207,1D.4207,13,2014-07-22,2014-08-03,2014-07-22T00:56:44.000000Z,2014-08-03T15:35:30.996000Z,250,DPZ,Z,1D.4207..DPZ,21600001,1,0,
2014,1D,1D.4208,1D.4208,13,2014-07-22,2014-08-03,2014-07-22T15:56:27.000000Z,2014-08-03T15:50:58.996000Z,250,DPZ,Z,1D.4208..DPZ,21600001,1,0,
2014,1D,1D.4209,1D.4209,13,2014-07-22,2014-08-03,2014-07-22T16:07:08.000000Z,2014-08-03T15:57:17.996000Z,250,DPZ,Z,1D.4209..DPZ,21600001,1,0,
2014,1D,1D.4210,1D.4210,13,2014-07-22,2014-08-03,2014-07-22T16:19:36.000000Z,2014-08-03T16:01:01.996000Z,250,DPZ,Z,1D.4210..DPZ,21600001,1,0,
2014,1D,1D.4211,1D.4211,13,2014-07-22,2014-08-03,2014-07-22T17:09:42.000000Z,2014-08-03T16:03:05.996000Z,250,DPZ,Z,1D.4211..DPZ,21600001,1,0,
2014,1D,1D.4212,1D.4212,13,2014-07-22,2014-08-03,2014-07-22T16:39:27.000000Z,2014-08-03T16:03:24.996000Z,250,DPZ,Z,1D.4212..DPZ,21600001,1,0,
2014,1D,1D.4213,1D.4213,9,2014-07-25,2014-08-02,2014-07-25T10:24:59.000000Z,2014-08-02T17:25:37.996000Z,250,DPZ,Z,1D.4213..DPZ,21600001,1,0,
2014,1D,1D.4214,1D.4214,11,2014-07-23,2014-08-02,2014-07-23T00:02:07.000000Z,2014-08-02T17:27:00.996000Z,250,DPZ,Z,1D.4214..DPZ,21600001,1,0,
2014,1D,1D.4215,1D.4215,11,2014-07-23,2014-08-02,2014-07-23T00:02:07.000000Z,2014-08-02T17:31:22.996000Z,250,DPZ,Z,1D.4215..DPZ,21600001,1,0,
2014,1D,1D.4216,1D.4216,11,2014-07-23,2014-08-02,2014-07-23T00:14:35.000000Z,2014-08-02T17:30:44.996000Z,250,DPZ,Z,1D.4216..DPZ,21600001,1,0,
2014,1D,1D.4217,1D.4217,11,2014-07-23,2014-08-02,2014-07-23T00:16:25.000000Z,2014-08-02T17:36:56.996000Z,250,DPZ,Z,1D.4217..DPZ,21600001,1,0,
2014,1D,1D.4218,1D.4218,11,2014-07-23,2014-08-02,2014-07-23T00:52:08.000000Z,2014-08-02T17:37:43.996000Z,250,DPZ,Z,1D.4218..DPZ,21600001,1,0,
2014,1D,1D.4219,1D.4219,15,2014-07-19,2014-08-02,2014-07-19T19:29:36.000000Z,2014-08-02T21:26:12.996000Z,250,DPZ,Z,1D.4219..DPZ,21600001,1,0,
2014,1D,1D.4220,1D.4220,15,2014-07-19,2014-08-02,2014-07-19T19:17:05.000000Z,2014-08-02T21:26:47.996000Z,250,DPZ,Z,1D.4220..DPZ,21600001,1,0,
2014,1D,1D.4221,1D.4221,15,2014-07-19,2014-08-02,2014-07-19T19:04:38.000000Z,2014-08-02T21:31:48.996000Z,250,DPZ,Z,1D.4221..DPZ,21600001,1,0,
2014,1D,1D.4222,1D.4222,15,2014-07-19,2014-08-02,2014-07-19T18:39:36.000000Z,2014-08-02T21:32:58.996000Z,250,DPZ,Z,1D.4222..DPZ,21600001,1,0,
2014,1D,1D.4223,1D.4223,15,2014-07-19,2014-08-02,2014-07-19T18:08:02.000000Z,2014-08-02T21:31:58.996000Z,250,DPZ,Z,1D.4223..DPZ,21600001,1,0,
2014,1D,1D.4224,1D.4224,15,2014-07-19,2014-08-02,2014-07-19T18:02:07.000000Z,2014-08-02T21:30:25.996000Z,250,DPZ,Z,1D.4224..DPZ,21600001,1,0,
2014,1D,1D.4225,1D.4225,15,2014-07-19,2014-08-02,2014-07-19T17:49:38.000000Z,2014-08-02T21:31:02.996000Z,250,DPZ,Z,1D.4225..DPZ,21600001,1,0,
2014,1D,1D.4226,1D.4226,15,2014-07-19,2014-08-02,2014-07-19T17:37:06.000000Z,2014-08-02T16:04:06.996000Z,250,DPZ,Z,1D.4226..DPZ,21600001,1,0,
2014,1D,1D.4227,1D.4227,15,2014-07-19,2014-08-02,2014-07-19T17:24:35.000000Z,2014-08-02T17:58:13.996000Z,250,DPZ,Z,1D.4227..DPZ,21600001,1,0,
2014,1D,1D.4228,1D.4228,15,2014-07-19,2014-08-02,2014-07-19T17:14:06.000000Z,2014-08-02T18:13:56.996000Z,250,DPZ,Z,1D.4228..DPZ,21600001,1,0,
2014,1D,1D.4229,1D.4229,15,2014-07-19,2014-08-02,2014-07-19T16:59:35.000000Z,2014-08-02T18:25:37.996000Z,250,DPZ,Z,1D.4229..DPZ,21600001,1,0,
2014,1D,1D.4230,1D.4230,15,2014-07-19,2014-08-02,2014-07-19T16:47:07.000000Z,2014-08-02T18:30:37.996000Z,250,DPZ,Z,1D.4230..DPZ,21600001,1,0,
2014,1D,1D.4231,1D.4231,15,2014-07-19,2014-08-02,2014-07-19T16:40:05.000000Z,2014-08-02T18:36:41.996000Z,250,DPZ,Z,1D.4231..DPZ,21600001,1,0,
2014,1D,1D.4232,1D.4232,15,2014-07-19,2014-08-02,2014-07-19T16:34:36.000000Z,2014-08-02T18:44:18.996000Z,250,DPZ,Z,1D.4232..DPZ,21600001,1,0,
2014,1D,1D.4233,1D.4233,15,2014-07-19,2014-08-02,2014-07-19T16:22:06.000000Z,2014-08-02T12:16:16.996000Z,250,DPZ,Z,1D.4233..DPZ,21600001,1,0,
2014,1D,1D.4234,1D.4234,14,2014-07-20,2014-08-02,2014-07-20T16:37:06.000000Z,2014-08-02T17:05:22.996000Z,250,DPZ,Z,1D.4234..DPZ,21600001,1,0,
2014,1D,1D.4235,1D.4235,14,2014-07-20,2014-08-02,2014-07-20T16:37:06.000000Z,2014-08-02T21:05:32.996000Z,250,DPZ,Z,1D.4235..DPZ,21600001,1,0,
2014,1D,1D.4236,1D.4236,11,2014-07-20,2014-07-30,2014-07-20T16:24:37.000000Z,2014-07-30T07:30:57.996000Z,250,DPZ,Z,1D.4236..DPZ,21600001,1,0,
2014,1D,1D.4237,1D.4237,14,2014-07-20,2014-08-02,2014-07-20T16:24:37.000000Z,2014-08-02T21:10:31.996000Z,250,DPZ,Z,1D.4237..DPZ,21600001,1,0,
2014,1D,1D.4238,1D.4238,14,2014-07-20,2014-08-02,2014-07-20T16:12:04.000000Z,2014-08-02T21:24:10.996000Z,250,DPZ,Z,1D.4238..DPZ,21600001,1,0,
2014,1D,1D.4239,1D.4239,14,2014-07-20,2014-08-02,2014-07-20T17:28:05.000000Z,2014-08-02T20:42:17.996000Z,250,DPZ,Z,1D.4239..DPZ,21600001,1,0,
2014,1D,1D.4240,1D.4240,14,2014-07-20,2014-08-02,2014-07-20T17:43:48.000000Z,2014-08-02T20:31:48.996000Z,250,DPZ,Z,1D.4240..DPZ,21600001,1,0,
2014,1D,1D.4241,1D.4241,14,2014-07-20,2014-08-02,2014-07-20T19:19:37.000000Z,2014-08-02T20:27:11.996000Z,250,DPZ,Z,1D.4241..DPZ,21600001,1,0,
2014,1D,1D.4242,1D.4242,14,2014-07-20,2014-08-02,2014-07-20T18:04:37.000000Z,2014-08-02T20:13:19.996000Z,250,DPZ,Z,1D.4242..DPZ,21600001,1,0,
2014,1D,1D.4243,1D.4243,14,2014-07-20,2014-08-02,2014-07-20T18:22:27.000000Z,2014-08-02T20:09:19.996000Z,250,DPZ,Z,1D.4243..DPZ,21600001,1,0,
2014,1D,1D.4244,1D.4244,14,2014-07-20,2014-08-02,2014-07-20T18:29:36.000000Z,2014-08-02T19:59:00.996000Z,250,DPZ,Z,1D.4244..DPZ,21600001,1,0,
2014,1D,1D.4245,1D.4245,14,2014-07-20,2014-08-02,2014-07-20T18:42:07.000000Z,2014-08-02T21:25:45.996000Z,250,DPZ,Z,1D.4245..DPZ,21600001,1,0,
2014,1D,1D.4246,1D.4246,14,2014-07-20,2014-08-02,2014-07-20T18:42:06.000000Z,2014-08-02T19:45:18.996000Z,250,DPZ,Z,1D.4246..DPZ,21600001,1,0,
2014,1D,1D.4247,1D.4247,15,2014-07-21,2014-08-04,2014-07-21T22:24:37.000000Z,2014-08-04T21:00:21.996000Z,250,DPZ,Z,1D.4247..DPZ,21600001,1,0,
2014,1D,1D.4248,1D.4248,15,2014-07-21,2014-08-04,2014-07-21T22:24:35.000000Z,2014-08-04T21:09:03.996000Z,250,DPZ,Z,1D.4248..DPZ,21600001,1,0,
2014,1D,1D.4249,1D.4249,15,2014-07-21,2014-08-04,2014-07-21T22:15:46.000000Z,2014-08-04T21:08:58.996000Z,250,DPZ,Z,1D.4249..DPZ,21600001,1,0,
2014,1D,1D.4250,1D.4250,15,2014-07-21,2014-08-04,2014-07-21T22:12:07.000000Z,2014-08-04T21:22:47.996000Z,250,DPZ,Z,1D.4250..DPZ,21600001,1,0,
2014,1D,1D.4251,1D.4251,16,2014-07-18,2014-08-02,2014-07-18T19:46:46.000000Z,2014-08-02T00:53:19.996000Z,250,DPZ,Z,1D.4251..DPZ,21600001,1,0,
2014,1D,1D.4252,1D.4252,15,2014-07-21,2014-08-04,2014-07-21T23:28:31.000000Z,2014-08-04T21:20:35.996000Z,250,DPZ,Z,1D.4252..DPZ,21600001,1,0,
2014,1D,1D.4253,1D.4253,16,2014-07-18,2014-08-02,2014-07-18T19:44:35.000000Z,2014-08-02T00:51:08.996000Z,250,DPZ,Z,1D.4253..DPZ,21600001,1,0,
2014,1D,1D.4254,1D.4254,16,2014-07-18,2014-08-02,2014-07-18T19:44:37.000000Z,2014-08-02T00:51:10.996000Z,250,DPZ,Z,1D.4254..DPZ,21600001,1,0,
2014,1D,1D.4255,1D.4255,16,2014-07-18,2014-08-02,2014-07-18T19:32:06.000000Z,2014-08-02T00:47:23.996000Z,250,DPZ,Z,1D.4255..DPZ,21600001,1,0,
2014,1D,1D.4256,1D.4256,15,2014-07-18,2014-08-01,2014-07-18T19:32:07.000000Z,2014-08-01T16:09:57.996000Z,250,DPZ,Z,1D.4256..DPZ,21600001,1,0,
2014,1D,1D.4257,1D.4257,15,2014-07-18,2014-08-01,2014-07-18T19:44:37.000000Z,2014-08-01T05:53:39.996000Z,250,DPZ,Z,1D.4257..DPZ,21600001,1,0,
2014,1D,1D.4258,1D.4258,16,2014-07-18,2014-08-02,2014-07-18T19:57:07.000000Z,2014-08-02T07:36:40.996000Z,250,DPZ,Z,1D.4258..DPZ,21600001,1,0,
2014,1D,1D.4259,1D.4259,16,2014-07-18,2014-08-02,2014-07-18T19:57:07.000000Z,2014-08-02T12:29:14.996000Z,250,DPZ,Z,1D.4259..DPZ,21600001,1,0,
2014,1D,1D.4260,1D.4260,15,2014-07-21,2014-08-04,2014-07-21T23:52:07.000000Z,2014-08-04T21:13:37.996000Z,250,DPZ,Z,1D.4260..DPZ,21600001,1,0,
2014,1D,1D.4261,1D.4261,15,2014-07-21,2014-08-04,2014-07-21T23:14:36.000000Z,2014-08-04T21:11:02.996000Z,250,DPZ,Z,1D.4261..DPZ,21600001,1,0,
2014,1D,1D.4262,1D.4262,6,2014-07-21,2014-07-26,2014-07-21T23:14:35.000000Z,2014-07-26T21:32:35.996000Z,250,DPZ,Z,1D.4262..DPZ,21600001,1,0,
2014,1D,1D.4263,1D.4263,15,2014-07-21,2014-08-04,2014-07-21T23:16:09.000000Z,2014-08-04T21:08:13.996000Z,250,DPZ,Z,1D.4263..DPZ,21600001,1,0,
2014,1D,1D.4264,1D.4264,15,2014-07-21,2014-08-04,2014-07-21T23:39:38.000000Z,2014-08-04T21:22:58.996000Z,250,DPZ,Z,1D.4264..DPZ,21600001,1,0,
2014,1D,1D.4265,1D.4265,15,2014-07-21,2014-08-04,2014-07-21T23:27:06.000000Z,2014-08-04T21:19:10.996000Z,250,DPZ,Z,1D.4265..DPZ,21600001,1,0,
2014,1D,1D.4266,1D.4266,13,2014-07-21,2014-08-02,2014-07-21T22:49:36.000000Z,2014-08-02T00:58:29.996000Z,250,DPZ,Z,1D.4266..DPZ,21600001,1,0,
2014,1D,1D.4267,1D.4267,15,2014-07-21,2014-08-04,2014-07-21T22:49:34.000000Z,2014-08-04T20:28:32.996000Z,250,DPZ,Z,1D.4267..DPZ,21600001,1,0,
2014,1D,1D.4268,1D.4268,15,2014-07-21,2014-08-04,2014-07-21T22:49:36.000000Z,2014-08-04T17:29:32.996000Z,250,DPZ,Z,1D.4268..DPZ,21600001,1,0,
2014,1D,1D.4269,1D.4269,16,2014-07-18,2014-08-02,2014-07-18T19:58:06.000000Z,2014-08-02T12:08:23.996000Z,250,DPZ,Z,1D.4269..DPZ,21600001,1,0,
2014,1D,1D.4270,1D.4270,15,2014-07-21,2014-08-04,2014-07-21T22:49:36.000000Z,2014-08-04T20:24:12.996000Z,250,DPZ,Z,1D.4270..DPZ,21600001,1,0,
2014,1D,1D.4271,1D.4271,16,2014-07-18,2014-08-02,2014-07-18T19:32:07.000000Z,2014-08-02T00:43:02.996000Z,250,DPZ,Z,1D.4271..DPZ,21600001,1,0,
2014,1D,1D.4272,1D.4272,15,2014-07-21,2014-08-04,2014-07-21T23:27:06.000000Z,2014-08-04T21:01:42.996000Z,250,DPZ,Z,1D.4272..DPZ,21600001,1,0,
2014,1D,1D.4273,1D.4273,16,2014-07-18,2014-08-02,2014-07-18T19:24:07.000000Z,2014-08-02T00:39:24.996000Z,250,DPZ,Z,1D.4273..DPZ,21600001,1,0,
2014,1D,1D.4274,1D.4274,14,2014-07-21,2014-08-03,2014-07-21T21:33:25.000000Z,2014-08-03T17:17:51.996000Z,250,DPZ,Z,1D.4274..DPZ,21600001,1,0,
2014,1D,1D.4275,1D.4275,14,2014-07-21,2014-08-03,2014-07-21T15:59:28.000000Z,2014-08-03T17:20:08.996000Z,250,DPZ,Z,1D.4275..DPZ,21600001,1,0,
2014,1D,1D.4276,1D.4276,14,2014-07-21,2014-08-03,2014-07-21T16:09:37.000000Z,2014-08-03T17:25:55.996000Z,250,DPZ,Z,1D.4276..DPZ,21600001,1,0,
2014,1D,1D.4277,1D.4277,15,2014-07-21,2014-08-04,2014-07-21T16:34:37.000000Z,2014-08-04T16:02:45.996000Z,250,DPZ,Z,1D.4277..DPZ,21600001,1,0,
2014,1D,1D.4278,1D.4278,16,2014-07-21,2014-08-05,2014-07-21T16:47:07.000000Z,2014-08-05T05:01:36.996000Z,250,DPZ,Z,1D.4278..DPZ,21600001,1,0,
2014,1D,1D.4279,1D.4279,16,2014-07-21,2014-08-05,2014-07-21T16:45:59.000000Z,2014-08-05T10:54:10.996000Z,250,DPZ,Z,1D.4279..DPZ,21600001,1,0,
2014,1D,1D.4280,1D.4280,15,2014-07-21,2014-08-04,2014-07-21T16:59:36.000000Z,2014-08-04T16:23:22.996000Z,250,DPZ,Z,1D.4280..DPZ,21600001,1,0,
2014,1D,1D.4281,1D.4281,15,2014-07-21,2014-08-04,2014-07-21T16:59:38.000000Z,2014-08-04T11:26:28.996000Z,250,DPZ,Z,1D.4281..DPZ,21600001,1,0,
2014,1D,1D.4282,1D.4282,14,2014-07-21,2014-08-03,2014-07-21T17:12:21.000000Z,2014-08-03T19:07:57.996000Z,250,DPZ,Z,1D.4282..DPZ,21600001,1,0,
2014,1D,1D.4283,1D.4283,14,2014-07-21,2014-08-03,2014-07-21T17:26:43.000000Z,2014-08-03T19:22:19.996000Z,250,DPZ,Z,1D.4283..DPZ,21600001,1,0,
2014,1D,1D.4284,1D.4284,14,2014-07-21,2014-08-03,2014-07-21T17:28:47.000000Z,2014-08-03T19:28:45.996000Z,250,DPZ,Z,1D.4284..DPZ,21600001,1,0,
2014,1D,1D.4285,1D.4285,14,2014-07-21,2014-08-03,2014-07-21T17:37:06.000000Z,2014-08-03T19:41:26.996000Z,250,DPZ,Z,1D.4285..DPZ,21600001,1,0,
2014,1D,1D.4286,1D.4286,14,2014-07-21,2014-08-03,2014-07-21T18:11:28.000000Z,2014-08-03T22:09:20.996000Z,250,DPZ,Z,1D.4286..DPZ,21600001,1,0,
2014,1D,1D.4287,1D.4287,14,2014-07-21,2014-08-03,2014-07-21T18:27:06.000000Z,2014-08-03T21:50:02.996000Z,250,DPZ,Z,1D.4287..DPZ,21600001,1,0,
2014,1D,1D.4288,1D.4288,14,2014-07-21,2014-08-03,2014-07-21T18:27:07.000000Z,2014-08-03T18:37:55.996000Z,250,DPZ,Z,1D.4288..DPZ,21600001,1,0,
2014,1D,1D.4289,1D.4289,14,2014-07-21,2014-08-03,2014-07-21T18:39:37.000000Z,2014-08-03T21:36:21.996000Z,250,DPZ,Z,1D.4289..DPZ,21600001,1,0,
2014,1D,1D.4290,1D.4290,14,2014-07-21,2014-08-03,2014-07-21T18:52:05.000000Z,2014-08-03T21:31:21.996000Z,250,DPZ,Z,1D.4290..DPZ,21600001,1,0,
2014,1D,1D.4291,1D.4291,14,2014-07-21,2014-08-03,2014-07-21T19:04:37.000000Z,2014-08-03T21:26:25.996000Z,250,DPZ,Z,1D.4291..DPZ,21600001,1,0,
2014,1D,1D.4292,1D.4292,14,2014-07-21,2014-08-03,2014-07-21T19:04:34.000000Z,2014-08-03T21:22:00.996000Z,250,DPZ,Z,1D.4292..DPZ,21600001,1,0,
2014,1D,1D.4293,1D.4293,14,2014-07-21,2014-08-03,2014-07-21T19:04:36.000000Z,2014-08-03T21:13:18.996000Z,250,DPZ,Z,1D.4293..DPZ,21600001,1,0,
2014,1D,1D.4294,1D.4294,14,2014-07-21,2014-08-03,2014-07-21T19:17:06.000000Z,2014-08-03T21:03:58.996000Z,250,DPZ,Z,1D.4294..DPZ,21600001,1,0,
2014,1D,1D.4295,1D.4295,14,2014-07-21,2014-08-03,2014-07-21T19:29:37.000000Z,2014-08-03T20:50:17.996000Z,250,DPZ,Z,1D.4295..DPZ,21600001,1,0,
2014,1D,1D.4296,1D.4296,14,2014-07-21,2014-08-03,2014-07-21T19:31:42.000000Z,2014-08-03T20:39:16.996000Z,250,DPZ,Z,1D.4296..DPZ,21600001,1,0,
2014,1D,1D.4297,1D.4297,14,2014-07-21,2014-08-03,2014-07-21T20:37:19.000000Z,2014-08-03T22:24:11.996000Z,250,DPZ,Z,1D.4297..DPZ,21600001,1,0,
2014,1D,1D.4298,1D.4298,14,2014-07-21,2014-08-03,2014-07-21T20:38:35.000000Z,2014-08-03T22:29:49.996000Z,250,DPZ,Z,1D.4298..DPZ,21600001,1,0,
2014,1D,1D.4299,1D.4299,14,2014-07-21,2014-08-03,2014-07-21T20:22:08.000000Z,2014-08-03T18:04:28.996000Z,250,DPZ,Z,1D.4299..DPZ,21600001,1,0,
2014,1D,1D.4300,1D.4300,14,2014-07-21,2014-08-03,2014-07-21T20:07:07.000000Z,2014-08-03T17:53:49.996000Z,250,DPZ,Z,1D.4300..DPZ,21600001,1,0,
2014,1D,1D.4301,1D.4301,14,2014-07-21,2014-08-03,2014-07-21T20:07:06.000000Z,2014-08-03T17:49:26.996000Z,250,DPZ,Z,1D.4301..DPZ,21600001,1,0,
2014,1D,1D.4302,1D.4302,14,2014-07-21,2014-08-03,2014-07-21T20:07:06.000000Z,2014-08-03T17:45:04.996000Z,250,DPZ,Z,1D.4302..DPZ,21600001,1,0,
2014,1D,1D.4303,1D.4303,14,2014-07-21,2014-08-03,2014-07-21T19:56:50.000000Z,2014-08-03T17:39:10.996000Z,250,DPZ,Z,1D.4303..DPZ,21600001,1,0,
2014,1D,1D.4304,1D.4304,14,2014-07-21,2014-08-03,2014-07-21T19:59:46.000000Z,2014-08-03T17:37:44.996000Z,250,DPZ,Z,1D.4304..DPZ,21600001,1,0,
2014,1D,1D.4305,1D.4305,14,2014-07-21,2014-08-03,2014-07-21T21:02:16.000000Z,2014-08-03T17:34:44.996000Z,250,DPZ,Z,1D.4305..DPZ,21600001,1,0,
2014,1D,1D.4306,1D.4306,14,2014-07-21,2014-08-03,2014-07-21T21:09:36.000000Z,2014-08-03T17:28:58.996000Z,250,DPZ,Z,1D.4306..DPZ,21600001,1,0,
2014,1D,1D.4307,1D.4307,14,2014-07-21,2014-08-03,2014-07-21T21:09:38.000000Z,2014-08-03T17:29:00.996000Z,250,DPZ,Z,1D.4307..DPZ,21600001,1,0,
2014,1D,1D.4308,1D.4308,14,2014-07-21,2014-08-03,2014-07-21T19:54:37.000000Z,2014-08-03T23:35:01.996000Z,250,DPZ,Z,1D.4308..DPZ,21600001,1,0,
2014,1D,1D.4309,1D.4309,14,2014-07-21,2014-08-03,2014-07-21T19:54:38.000000Z,2014-08-03T23:30:40.996000Z,250,DPZ,Z,1D.4309..DPZ,21600001,1,0,
2014,1D,1D.4310,1D.4310,14,2014-07-21,2014-08-03,2014-07-21T19:54:37.000000Z,2014-08-03T23:30:39.996000Z,250,DPZ,Z,1D.4310..DPZ,21600001,1,0,
2014,1D,1D.4311,1D.4311,14,2014-07-21,2014-08-03,2014-07-21T19:43:22.000000Z,2014-08-03T23:28:08.996000Z,250,DPZ,Z,1D.4311..DPZ,21600001,1,0,
2014,1D,1D.4312,1D.4312,14,2014-07-21,2014-08-03,2014-07-21T19:42:07.000000Z,2014-08-03T23:22:31.996000Z,250,DPZ,Z,1D.4312..DPZ,21600001,1,0,
2014,1D,1D.4313,1D.4313,13,2014-07-22,2014-08-03,2014-07-22T16:19:58.000000Z,2014-08-03T00:57:29.996000Z,250,DPZ,Z,1D.4313..DPZ,21600001,1,0,
2014,1D,1D.4314,1D.4314,13,2014-07-22,2014-08-03,2014-07-22T16:32:08.000000Z,2014-08-03T00:47:49.996000Z,250,DPZ,Z,1D.4314..DPZ,21600001,1,0,
2014,1D,1D.4315,1D.4315,13,2014-07-22,2014-08-03,2014-07-22T16:44:36.000000Z,2014-08-03T00:12:15.996000Z,250,DPZ,Z,1D.4315..DPZ,21600001,1,0,
2014,1D,1D.4316,1D.4316,13,2014-07-22,2014-08-03,2014-07-22T16:46:37.000000Z,2014-08-03T00:01:10.996000Z,250,DPZ,Z,1D.4316..DPZ,21600001,1,0,
2014,1D,1D.4318,1D.4318,13,2014-07-22,2014-08-03,2014-07-22T21:44:36.000000Z,2014-08-03T01:12:05.996000Z,250,DPZ,Z,1D.4318..DPZ,21600001,1,0,
2014,1D,1D.4319,1D.4319,14,2014-07-21,2014-08-03,2014-07-21T19:42:08.000000Z,2014-08-03T23:22:32.996000Z,250,DPZ,Z,1D.4319..DPZ,21600001,1,0,
2014,1D,1D.4320,1D.4320,14,2014-07-21,2014-08-03,2014-07-21T19:42:06.000000Z,2014-08-03T23:13:46.996000Z,250,DPZ,Z,1D.4320..DPZ,21600001,1,0,
2014,1D,1D.4321,1D.4321,13,2014-07-21,2014-08-02,2014-07-21T21:56:25.000000Z,2014-08-02T18:12:36.996000Z,250,DPZ,Z,1D.4321..DPZ,21600001,1,0,
2014,1D,1D.4322,1D.4322,13,2014-07-21,2014-08-02,2014-07-21T21:59:37.000000Z,2014-08-02T18:07:04.996000Z,250,DPZ,Z,1D.4322..DPZ,21600001,1,0,
2014,1D,1D.4323,1D.4323,13,2014-07-21,2014-08-02,2014-07-21T22:10:16.000000Z,2014-08-02T18:00:15.996000Z,250,DPZ,Z,1D.4323..DPZ,21600001,1,0,
2014,1D,1D.4324,1D.4324,13,2014-07-21,2014-08-02,2014-07-21T22:06:19.000000Z,2014-08-02T17:56:18.996000Z,250,DPZ,Z,1D.4324..DPZ,21600001,1,0,
2014,1D,1D.4325,1D.4325,14,2014-07-21,2014-08-03,2014-07-21T22:13:53.000000Z,2014-08-03T01:16:10.996000Z,250,DPZ,Z,1D.4325..DPZ,21600001,1,0,
2014,1D,1D.4326,1D.4326,11,2014-07-23,2014-08-02,2014-07-23T01:04:37.000000Z,2014-08-02T17:41:28.996000Z,250,DPZ,Z,1D.4326..DPZ,21600001,1,0,
2014,1D,1D.4327,1D.4327,14,2014-07-21,2014-08-03,2014-07-21T22:38:23.000000Z,2014-08-03T01:01:22.996000Z,250,DPZ,Z,1D.4327..DPZ,21600001,1,0,
2014,1D,1D.4328,1D.4328,6,2014-07-21,2014-07-26,2014-07-21T22:44:53.000000Z,2014-07-26T22:17:07.996000Z,250,DPZ,Z,1D.4328..DPZ,21600001,1,0,
2014,1D,1D.4329,1D.4329,14,2014-07-21,2014-08-03,2014-07-21T23:02:05.000000Z,2014-08-03T00:41:24.996000Z,250,DPZ,Z,1D.4329..DPZ,21600001,1,0,
2014,1D,1D.4330,1D.4330,14,2014-07-21,2014-08-03,2014-07-21T23:14:36.000000Z,2014-08-03T00:32:05.996000Z,250,DPZ,Z,1D.4330..DPZ,21600001,1,0,
2014,1D,1D.4331,1D.4331,14,2014-07-21,2014-08-03,2014-07-21T23:27:08.000000Z,2014-08-03T00:22:47.996000Z,250,DPZ,Z,1D.4331..DPZ,21600001,1,0,
2014,1D,1D.4332,1D.4332,13,2014-07-21,2014-08-02,2014-07-21T23:42:36.000000Z,2014-08-02T23:54:35.996000Z,250,DPZ,Z,1D.4332..DPZ,21600001,1,0,
2014,1D,1D.4333,1D.4333,13,2014-07-21,2014-08-02,2014-07-21T23:52:07.000000Z,2014-08-02T23:51:00.996000Z,250,DPZ,Z,1D.4333..DPZ,21600001,1,0,
2014,1D,1D.4334,1D.4334,13,2014-07-21,2014-08-02,2014-07-21T23:58:51.000000Z,2014-08-02T23:44:38.996000Z,250,DPZ,Z,1D.4334..DPZ,21600001,1,0,
2014,1D,1D.4335,1D.4335,12,2014-07-22,2014-08-02,2014-07-22T00:04:36.000000Z,2014-08-02T23:32:55.996000Z,250,DPZ,Z,1D.4335..DPZ,21600001,1,0,
2014,1D,1D.4336,1D.4336,11,2014-07-22,2014-08-01,2014-07-22T18:37:06.000000Z,2014-08-01T16:07:42.996000Z,250,DPZ,Z,1D.4336..DPZ,21600001,1,0,
2014,1D,1D.4337,1D.4337,11,2014-07-22,2014-08-01,2014-07-22T18:37:06.000000Z,2014-08-01T16:12:04.996000Z,250,DPZ,Z,1D.4337..DPZ,21600001,1,0,
2014,1D,1D.4338,1D.4338,11,2014-07-22,2014-08-01,2014-07-22T18:26:09.000000Z,2014-08-01T16:05:29.996000Z,250,DPZ,Z,1D.4338..DPZ,21600001,1,0,
2014,1D,1D.4339,1D.4339,11,2014-07-22,2014-08-01,2014-07-22T18:24:37.000000Z,2014-08-01T15:59:35.996000Z,250,DPZ,Z,1D.4339..DPZ,21600001,1,0,
2014,1D,1D.4340,1D.4340,11,2014-07-22,2014-08-01,2014-07-22T18:24:37.000000Z,2014-08-01T15:59:35.996000Z,250,DPZ,Z,1D.4340..DPZ,21600001,1,0,
2014,1D,1D.4341,1D.4341,11,2014-07-22,2014-08-01,2014-07-22T04:39:37.000000Z,2014-08-01T15:40:14.996000Z,250,DPZ,Z,1D.4341..DPZ,21600001,1,0,
2014,1D,1D.4342,1D.4342,11,2014-07-22,2014-08-01,2014-07-22T04:27:09.000000Z,2014-08-01T15:36:30.996000Z,250,DPZ,Z,1D.4342..DPZ,21600001,1,0,
2014,1D,1D.4343,1D.4343,11,2014-07-22,2014-08-01,2014-07-22T04:27:05.000000Z,2014-08-01T15:32:04.996000Z,250,DPZ,Z,1D.4343..DPZ,21600001,1,0,
2014,1D,1D.4344,1D.4344,11,2014-07-22,2014-08-01,2014-07-22T04:02:05.000000Z,2014-08-01T15:24:32.996000Z,250,DPZ,Z,1D.4344..DPZ,21600001,1,0,
2014,1D,1D.4345,1D.4345,11,2014-07-22,2014-08-01,2014-07-22T04:41:38.000000Z,2014-08-01T15:46:37.996000Z,250,DPZ,Z,1D.4345..DPZ,21600001,1,0,
2014,1D,1D.4346,1D.4346,11,2014-07-22,2014-08-01,2014-07-22T04:52:22.000000Z,2014-08-01T15:52:59.996000Z,250,DPZ,Z,1D.4346..DPZ,21600001,1,0,
2014,1D,1D.4347,1D.4347,11,2014-07-22,2014-08-01,2014-07-22T18:39:33.000000Z,2014-08-01T16:14:31.996000Z,250,DPZ,Z,1D.4347..DPZ,21600001,1,0,
2014,1D,1D.4348,1D.4348,11,2014-07-22,2014-08-01,2014-07-22T18:43:58.000000Z,2014-08-01T16:14:34.996000Z,250,DPZ,Z,1D.4348..DPZ,21600001,1,0,
2014,1D,1D.4349,1D.4349,11,2014-07-22,2014-08-01,2014-07-22T18:49:36.000000Z,2014-08-01T16:15:50.996000Z,250,DPZ,Z,1D.4349..DPZ,21600001,1,0,
2014,1D,1D.4350,1D.4350,15,2014-07-22,2014-08-05,2014-07-22T18:49:37.000000Z,2014-08-05T21:21:09.996000Z,250,DPZ,Z,1D.4350..DPZ,21600001,1,0,
2014,1D,1D.4351,1D.4351,11,2014-07-22,2014-08-01,2014-07-22T18:57:48.000000Z,2014-08-01T16:28:24.996000Z,250,DPZ,Z,1D.4351..DPZ,21600001,1,0,
2014,1D,1D.4352,1D.4352,11,2014-07-22,2014-08-01,2014-07-22T19:02:08.000000Z,2014-08-01T16:28:22.996000Z,250,DPZ,Z,1D.4352..DPZ,21600001,1,0,
2014,1D,1D.4353,1D.4353,11,2014-07-22,2014-08-01,2014-07-22T19:02:05.000000Z,2014-08-01T16:32:41.996000Z,250,DPZ,Z,1D.4353..DPZ,21600001,1,0,
2014,1D,1D.4354,1D.4354,11,2014-07-22,2014-08-01,2014-07-22T19:19:42.000000Z,2014-08-01T16:32:50.996000Z,250,DPZ,Z,1D.4354..DPZ,21600001,1,0,
2014,1D,1D.4355,1D.4355,11,2014-07-22,2014-08-01,2014-07-22T19:27:42.000000Z,2014-08-01T16:36:28.996000Z,250,DPZ,Z,1D.4355..DPZ,21600001,1,0,
2014,1D,1D.4356,1D.4356,11,2014-07-22,2014-08-01,2014-07-22T20:10:28.000000Z,2014-08-01T16:57:24.996000Z,250,DPZ,Z,1D.4356..DPZ,21600001,1,0,
2014,1D,1D.4357,1D.4357,11,2014-07-22,2014-08-01,2014-07-22T19:39:36.000000Z,2014-08-01T16:52:44.996000Z,250,DPZ,Z,1D.4357..DPZ,21600001,1,0,
2014,1D,1D.4358,1D.4358,11,2014-07-22,2014-08-01,2014-07-22T19:39:37.000000Z,2014-08-01T17:01:29.996000Z,250,DPZ,Z,1D.4358..DPZ,21600001,1,0,
2014,1D,1D.4359,1D.4359,15,2014-07-22,2014-08-05,2014-07-22T19:44:35.000000Z,2014-08-05T23:34:43.996000Z,250,DPZ,Z,1D.4359..DPZ,21600001,1,0,
2014,1D,1D.4360,1D.4360,11,2014-07-22,2014-08-01,2014-07-22T19:52:06.000000Z,2014-08-01T17:09:36.996000Z,250,DPZ,Z,1D.4360..DPZ,21600001,1,0,
2014,1D,1D.4361,1D.4361,11,2014-07-22,2014-08-01,2014-07-22T19:58:56.000000Z,2014-08-01T17:16:26.996000Z,250,DPZ,Z,1D.4361..DPZ,21600001,1,0,
2014,1D,1D.4362,1D.4362,7,2014-07-22,2014-07-28,2014-07-22T20:04:36.000000Z,2014-07-28T22:34:41.996000Z,250,DPZ,Z,1D.4362..DPZ,21600001,1,0,
2014,1D,1D.4363,1D.4363,11,2014-07-22,2014-08-01,2014-07-22T20:06:46.000000Z,2014-08-01T17:19:54.996000Z,250,DPZ,Z,1D.4363..DPZ,21600001,1,0,
2014,1D,1D.4364,1D.4364,11,2014-07-22,2014-08-01,2014-07-22T20:21:41.000000Z,2014-08-01T17:21:43.996000Z,250,DPZ,Z,1D.4364..DPZ,21600001,1,0,
2014,1D,1D.4365,1D.4365,11,2014-07-22,2014-08-01,2014-07-22T20:29:29.000000Z,2014-08-01T17:25:09.996000Z,250,DPZ,Z,1D.4365..DPZ,21600001,1,0,
2014,1D,1D.4366,1D.4366,11,2014-07-22,2014-08-01,2014-07-22T20:29:36.000000Z,2014-08-01T17:29:38.996000Z,250,DPZ,Z,1D.4366..DPZ,21600001,1,0,
2014,1D,1D.4367,1D.4367,11,2014-07-22,2014-08-01,2014-07-22T20:30:46.000000Z,2014-08-01T17:57:00.996000Z,250,DPZ,Z,1D.4367..DPZ,21600001,1,0,
2014,1D,1D.4369,1D.4369,11,2014-07-22,2014-08-01,2014-07-22T20:42:05.000000Z,2014-08-01T21:46:39.996000Z,250,DPZ,Z,1D.4369..DPZ,21600001,1,0,
2014,1D,1D.4372,1D.4372,11,2014-07-22,2014-08-01,2014-07-22T21:13:45.000000Z,2014-08-01T18:09:25.996000Z,250,DPZ,Z,1D.4372..DPZ,21600001,1,0,
2014,1D,1D.4373,1D.4373,11,2014-07-22,2014-08-01,2014-07-22T21:19:38.000000Z,2014-08-01T18:10:56.996000Z,250,DPZ,Z,1D.4373..DPZ,21600001,1,0,
2014,1D,1D.4374,1D.4374,11,2014-07-22,2014-08-01,2014-07-22T21:19:37.000000Z,2014-08-01T18:15:17.996000Z,250,DPZ,Z,1D.4374..DPZ,21600001,1,0,
2014,1D,1D.4375,1D.4375,11,2014-07-22,2014-08-01,2014-07-22T21:25:04.000000Z,2014-08-01T18:16:22.996000Z,250,DPZ,Z,1D.4375..DPZ,21600001,1,0,
2014,1D,1D.4376,1D.4376,11,2014-07-22,2014-08-01,2014-07-22T21:21:29.000000Z,2014-08-01T18:17:09.996000Z,250,DPZ,Z,1D.4376..DPZ,21600001,1,0,
2014,1D,1D.4377,1D.4377,11,2014-07-22,2014-08-01,2014-07-22T21:32:07.000000Z,2014-08-01T18:19:03.996000Z,250,DPZ,Z,1D.4377..DPZ,21600001,1,0,
2014,1D,1D.4378,1D.4378,11,2014-07-22,2014-08-01,2014-07-22T21:32:05.000000Z,2014-08-01T18:23:23.996000Z,250,DPZ,Z,1D.4378..DPZ,21600001,1,0,
2014,1D,1D.4379,1D.4379,11,2014-07-22,2014-08-01,2014-07-22T21:32:07.000000Z,2014-08-01T21:26:49.996000Z,250,DPZ,Z,1D.4379..DPZ,21600001,1,0,
2014,1D,1D.4380,1D.4380,12,2014-07-22,2014-08-02,2014-07-22T22:34:37.000000Z,2014-08-02T16:38:48.996000Z,250,DPZ,Z,1D.4380..DPZ,21600001,1,0,
2014,1D,1D.4381,1D.4381,12,2014-07-22,2014-08-02,2014-07-22T23:39:00.000000Z,2014-08-02T17:21:21.996000Z,250,DPZ,Z,1D.4381..DPZ,21600001,1,0,
2014,1D,1D.4382,1D.4382,12,2014-07-22,2014-08-02,2014-07-22T23:37:08.000000Z,2014-08-02T17:19:29.996000Z,250,DPZ,Z,1D.4382..DPZ,21600001,1,0,
2014,1D,1D.4383,1D.4383,12,2014-07-22,2014-08-02,2014-07-22T23:12:50.000000Z,2014-08-02T17:12:39.996000Z,250,DPZ,Z,1D.4383..DPZ,21600001,1,0,
2014,1D,1D.4384,1D.4384,12,2014-07-22,2014-08-02,2014-07-22T23:00:36.000000Z,2014-08-02T06:31:37.996000Z,250,DPZ,Z,1D.4384..DPZ,21600001,1,0,
2014,1D,1D.4386,1D.4386,12,2014-07-22,2014-08-02,2014-07-22T22:47:06.000000Z,2014-08-02T16:51:17.996000Z,250,DPZ,Z,1D.4386..DPZ,21600001,1,0,
2014,1D,1D.4387,1D.4387,12,2014-07-22,2014-08-02,2014-07-22T22:42:00.000000Z,2014-08-02T16:41:49.996000Z,250,DPZ,Z,1D.4387..DPZ,21600001,1,0,
2014,1D,1D.4388,1D.4388,12,2014-07-21,2014-08-01,2014-07-21T00:40:24.000000Z,2014-08-01T18:36:51.996000Z,250,DPZ,Z,1D.4388..DPZ,21600001,1,0,
2014,1D,1D.4389,1D.4389,12,2014-07-21,2014-08-01,2014-07-21T00:38:21.000000Z,2014-08-01T18:39:10.996000Z,250,DPZ,Z,1D.4389..DPZ,21600001,1,0,
2014,1D,1D.4390,1D.4390,12,2014-07-21,2014-08-01,2014-07-21T00:32:08.000000Z,2014-08-01T18:41:41.996000Z,250,DPZ,Z,1D.4390..DPZ,21600001,1,0,
2014,1D,1D.4391,1D.4391,12,2014-07-21,2014-08-01,2014-07-21T00:32:07.000000Z,2014-08-01T18:50:24.996000Z,250,DPZ,Z,1D.4391..DPZ,21600001,1,0,
2014,1D,1D.4392,1D.4392,12,2014-07-21,2014-08-01,2014-07-21T00:21:32.000000Z,2014-08-01T18:52:55.996000Z,250,DPZ,Z,1D.4392..DPZ,21600001,1,0,
2014,1D,1D.4393,1D.4393,12,2014-07-21,2014-08-01,2014-07-21T00:19:36.000000Z,2014-08-01T18:55:21.996000Z,250,DPZ,Z,1D.4393..DPZ,21600001,1,0,
2014,1D,1D.4394,1D.4394,12,2014-07-21,2014-08-01,2014-07-21T00:11:03.000000Z,2014-08-01T18:59:54.996000Z,250,DPZ,Z,1D.4394..DPZ,21600001,1,0,
2014,1D,1D.4395,1D.4395,12,2014-07-21,2014-08-01,2014-07-21T00:07:08.000000Z,2014-08-01T19:44:01.996000Z,250,DPZ,Z,1D.4395..DPZ,21600001,1,0,
2014,1D,1D.4396,1D.4396,12,2014-07-21,2014-08-01,2014-07-21T00:07:08.000000Z,2014-08-01T19:48:23.996000Z,250,DPZ,Z,1D.4396..DPZ,21600001,1,0,
2014,1D,1D.4397,1D.4397,12,2014-07-21,2014-08-01,2014-07-21T00:07:05.000000Z,2014-08-01T19:48:20.996000Z,250,DPZ,Z,1D.4397..DPZ,21600001,1,0,
2014,1D,1D.4399,1D.4399,14,2014-07-20,2014-08-02,2014-07-20T17:02:08.000000Z,2014-08-02T16:42:22.996000Z,250,DPZ,Z,1D.4399..DPZ,21600001,1,0,
2014,1D,1D.4400,1D.4400,13,2014-07-20,2014-08-01,2014-07-20T23:58:17.000000Z,2014-08-01T19:52:38.996000Z,250,DPZ,Z,1D.4400..DPZ,21600001,1,0,
2014,1D,1D.4401,1D.4401,13,2014-07-20,2014-08-01,2014-07-20T23:54:37.000000Z,2014-08-01T19:57:42.996000Z,250,DPZ,Z,1D.4401..DPZ,21600001,1,0,
2014,1D,1D.4402,1D.4402,13,2014-07-20,2014-08-01,2014-07-20T23:54:35.000000Z,2014-08-01T19:57:40.996000Z,250,DPZ,Z,1D.4402..DPZ,21600001,1,0,
2014,1D,1D.4403,1D.4403,13,2014-07-20,2014-08-01,2014-07-20T23:54:38.000000Z,2014-08-01T20:02:05.996000Z,250,DPZ,Z,1D.4403..DPZ,21600001,1,0,
2014,1D,1D.4404,1D.4404,15,2014-07-20,2014-08-03,2014-07-20T23:45:55.000000Z,2014-08-03T20:19:23.996000Z,250,DPZ,Z,1D.4404..DPZ,21600001,1,0,
2014,1D,1D.4405,1D.4405,13,2014-07-20,2014-08-01,2014-07-20T23:29:36.000000Z,2014-08-01T20:07:37.996000Z,250,DPZ,Z,1D.4405..DPZ,21600001,1,0,
2014,1D,1D.4406,1D.4406,13,2014-07-20,2014-08-01,2014-07-20T23:29:38.000000Z,2014-08-01T20:12:01.996000Z,250,DPZ,Z,1D.4406..DPZ,21600001,1,0,
2014,1D,1D.4407,1D.4407,13,2014-07-20,2014-08-01,2014-07-20T23:29:36.000000Z,2014-08-01T20:11:59.996000Z,250,DPZ,Z,1D.4407..DPZ,21600001,1,0,
2014,1D,1D.4408,1D.4408,13,2014-07-20,2014-08-01,2014-07-20T23:18:46.000000Z,2014-08-01T20:14:15.996000Z,250,DPZ,Z,1D.4408..DPZ,21600001,1,0,
2014,1D,1D.4409,1D.4409,13,2014-07-20,2014-08-01,2014-07-20T23:19:54.000000Z,2014-08-01T20:19:45.996000Z,250,DPZ,Z,1D.4409..DPZ,21600001,1,0,
2014,1D,1D.4410,1D.4410,13,2014-07-20,2014-08-01,2014-07-20T21:49:36.000000Z,2014-08-01T20:21:09.996000Z,250,DPZ,Z,1D.4410..DPZ,21600001,1,0,
2014,1D,1D.4411,1D.4411,13,2014-07-20,2014-08-01,2014-07-20T21:37:06.000000Z,2014-08-01T20:30:29.996000Z,250,DPZ,Z,1D.4411..DPZ,21600001,1,0,
2014,1D,1D.4412,1D.4412,13,2014-07-20,2014-08-01,2014-07-20T21:38:06.000000Z,2014-08-01T20:22:45.996000Z,250,DPZ,Z,1D.4412..DPZ,21600001,1,0,
2014,1D,1D.4413,1D.4413,14,2014-07-21,2014-08-03,2014-07-21T17:15:12.000000Z,2014-08-03T23:45:54.996000Z,250,DPZ,Z,1D.4413..DPZ,21600001,1,0,
2014,1D,1D.4414,1D.4414,15,2014-07-20,2014-08-03,2014-07-20T22:54:30.000000Z,2014-08-03T23:32:30.996000Z,250,DPZ,Z,1D.4414..DPZ,21600001,1,0,
2014,1D,1D.4415,1D.4415,15,2014-07-20,2014-08-03,2014-07-20T22:52:08.000000Z,2014-08-03T17:18:58.996000Z,250,DPZ,Z,1D.4415..DPZ,21600001,1,0,
2014,1D,1D.4416,1D.4416,16,2014-07-20,2014-08-04,2014-07-20T22:28:29.000000Z,2014-08-04T04:09:58.996000Z,250,DPZ,Z,1D.4416..DPZ,21600001,1,0,
2014,1D,1D.4417,1D.4417,16,2014-07-20,2014-08-04,2014-07-20T22:39:37.000000Z,2014-08-04T05:52:48.996000Z,250,DPZ,Z,1D.4417..DPZ,21600001,1,0,
2014,1D,1D.4418,1D.4418,14,2014-07-21,2014-08-03,2014-07-21T17:24:37.000000Z,2014-08-03T23:37:51.996000Z,250,DPZ,Z,1D.4418..DPZ,21600001,1,0,
2014,1D,1D.4419,1D.4419,15,2014-07-20,2014-08-03,2014-07-20T21:49:37.000000Z,2014-08-03T15:15:19.996000Z,250,DPZ,Z,1D.4419..DPZ,21600001,1,0,
2014,1D,1D.4420,1D.4420,16,2014-07-20,2014-08-04,2014-07-20T21:53:00.000000Z,2014-08-04T09:19:27.996000Z,250,DPZ,Z,1D.4420..DPZ,21600001,1,0,
2014,1D,1D.4421,1D.4421,15,2014-07-20,2014-08-03,2014-07-20T22:02:07.000000Z,2014-08-03T18:26:51.996000Z,250,DPZ,Z,1D.4421..DPZ,21600001,1,0,
2014,1D,1D.4422,1D.4422,15,2014-07-20,2014-08-03,2014-07-20T22:02:06.000000Z,2014-08-03T20:42:12.996000Z,250,DPZ,Z,1D.4422..DPZ,21600001,1,0,
2014,1D,1D.4423,1D.4423,16,2014-07-20,2014-08-04,2014-07-20T22:06:51.000000Z,2014-08-04T21:55:38.996000Z,250,DPZ,Z,1D.4423..DPZ,21600001,1,0,
2014,1D,1D.4424,1D.4424,16,2014-07-20,2014-08-04,2014-07-20T22:14:36.000000Z,2014-08-04T10:46:33.996000Z,250,DPZ,Z,1D.4424..DPZ,21600001,1,0,
2014,1D,1D.4425,1D.4425,15,2014-07-20,2014-08-03,2014-07-20T22:14:36.000000Z,2014-08-03T22:08:56.996000Z,250,DPZ,Z,1D.4425..DPZ,21600001,1,0,
2014,1D,1D.4426,1D.4426,16,2014-07-20,2014-08-04,2014-07-20T22:15:19.000000Z,2014-08-04T21:51:00.996000Z,250,DPZ,Z,1D.4426..DPZ,21600001,1,0,
2014,1D,1D.4427,1D.4427,15,2014-07-18,2014-08-01,2014-07-18T19:09:50.000000Z,2014-08-01T21:58:50.996000Z,250,DPZ,Z,1D.4427..DPZ,21600001,1,0,
2014,1D,1D.4428,1D.4428,13,2014-07-22,2014-08-03,2014-07-22T22:36:15.000000Z,2014-08-03T00:45:08.996000Z,250,DPZ,Z,1D.4428..DPZ,21600001,1,0,
2014,1D,1D.4429,1D.4429,9,2014-07-22,2014-07-30,2014-07-22T22:47:06.000000Z,2014-07-30T04:30:19.996000Z,250,DPZ,Z,1D.4429..DPZ,21600001,1,0,
2014,1D,1D.4430,1D.4430,10,2014-07-22,2014-07-31,2014-07-22T22:52:06.000000Z,2014-07-31T07:06:58.996000Z,250,DPZ,Z,1D.4430..DPZ,21600001,1,0,
2014,1D,1D.4431,1D.4431,13,2014-07-22,2014-08-03,2014-07-22T23:07:07.000000Z,2014-08-03T00:27:58.996000Z,250,DPZ,Z,1D.4431..DPZ,21600001,1,0,
2014,1D,1D.4432,1D.4432,13,2014-07-22,2014-08-03,2014-07-22T23:01:43.000000Z,2014-08-03T00:18:12.996000Z,250,DPZ,Z,1D.4432..DPZ,21600001,1,0,
2014,1D,1D.4433,1D.4433,13,2014-07-22,2014-08-03,2014-07-22T23:12:08.000000Z,2014-08-03T00:11:09.996000Z,250,DPZ,Z,1D.4433..DPZ,21600001,1,0,
2014,1D,1D.4434,1D.4434,12,2014-07-22,2014-08-02,2014-07-22T23:25:04.000000Z,2014-08-02T23:57:53.996000Z,250,DPZ,Z,1D.4434..DPZ,21600001,1,0,
2014,1D,1D.4435,1D.4435,11,2014-07-23,2014-08-02,2014-07-23T00:22:07.000000Z,2014-08-02T23:49:26.996000Z,250,DPZ,Z,1D.4435..DPZ,21600001,1,0,
2014,1D,1D.4436,1D.4436,12,2014-07-22,2014-08-02,2014-07-22T23:49:35.000000Z,2014-08-02T23:38:44.996000Z,250,DPZ,Z,1D.4436..DPZ,21600001,1,0,
2014,1D,1D.4437,1D.4437,13,2014-07-22,2014-08-03,2014-07-22T23:49:35.000000Z,2014-08-03T00:00:34.996000Z,250,DPZ,Z,1D.4437..DPZ,21600001,1,0,
2014,1D,1D.4438,1D.4438,12,2014-07-23,2014-08-03,2014-07-23T00:02:04.000000Z,2014-08-03T01:22:55.996000Z,250,DPZ,Z,1D.4438..DPZ,21600001,1,0,
2014,1D,1D.4439,1D.4439,12,2014-07-23,2014-08-03,2014-07-23T00:08:04.000000Z,2014-08-03T01:20:11.996000Z,250,DPZ,Z,1D.4439..DPZ,21600001,1,0,
2014,1D,1D.4440,1D.4440,12,2014-07-23,2014-08-03,2014-07-23T00:15:02.000000Z,2014-08-03T01:22:47.996000Z,250,DPZ,Z,1D.4440..DPZ,21600001,1,0,
2014,1D,1D.4441,1D.4441,12,2014-07-23,2014-08-03,2014-07-23T00:27:08.000000Z,2014-08-03T01:21:47.996000Z,250,DPZ,Z,1D.4441..DPZ,21600001,1,0,
2014,1D,1D.4442,1D.4442,12,2014-07-23,2014-08-03,2014-07-23T00:30:48.000000Z,2014-08-03T01:25:27.996000Z,250,DPZ,Z,1D.4442..DPZ,21600001,1,0,
2014,1D,1D.4443,1D.4443,12,2014-07-23,2014-08-03,2014-07-23T00:39:37.000000Z,2014-08-03T01:25:32.996000Z,250,DPZ,Z,1D.4443..DPZ,21600001,1,0,
2014,1D,1D.4444,1D.4444,12,2014-07-23,2014-08-03,2014-07-23T00:52:07.000000Z,2014-08-03T01:24:56.996000Z,250,DPZ,Z,1D.4444..DPZ,21600001,1,0,
2014,1D,1D.4445,1D.4445,12,2014-07-23,2014-08-03,2014-07-23T01:04:38.000000Z,2014-08-03T01:24:21.996000Z,250,DPZ,Z,1D.4445..DPZ,21600001,1,0,
2014,1D,1D.4446,1D.4446,12,2014-07-23,2014-08-03,2014-07-23T01:09:49.000000Z,2014-08-03T01:25:10.996000Z,250,DPZ,Z,1D.4446..DPZ,21600001,1,0,
2014,1D,1D.4447,1D.4447,12,2014-07-23,2014-08-03,2014-07-23T01:17:06.000000Z,2014-08-03T01:23:43.996000Z,250,DPZ,Z,1D.4447..DPZ,21600001,1,0,
2014,1D,1D.4448,1D.4448,12,2014-07-23,2014-08-03,2014-07-23T01:29:38.000000Z,2014-08-03T01:23:09.996000Z,250,DPZ,Z,1D.4448..DPZ,21600001,1,0,
2014,1D,1D.4449,1D.4449,12,2014-07-23,2014-08-03,2014-07-23T02:05:08.996000Z,2014-08-03T01:23:44.992000Z,250,DPZ,Z,1D.4449..DPZ,21600001,1,0,
2014,1D,1D.4450,1D.4450,12,2014-07-23,2014-08-03,2014-07-23T02:23:15.000000Z,2014-08-03T01:20:00.996000Z,250,DPZ,Z,1D.4450..DPZ,21600001,1,0,
2014,1D,1D.4451,1D.4451,12,2014-07-23,2014-08-03,2014-07-23T02:32:09.000000Z,2014-08-03T00:01:34.996000Z,250,DPZ,Z,1D.4451..DPZ,21600001,1,0,
2014,1D,1D.4452,1D.4452,11,2014-07-23,2014-08-02,2014-07-23T02:44:37.000000Z,2014-08-02T23:43:28.996000Z,250,DPZ,Z,1D.4452..DPZ,21600001,1,0,
2014,1D,1D.4453,1D.4453,12,2014-07-23,2014-08-03,2014-07-23T03:04:42.000000Z,2014-08-03T00:03:33.996000Z,250,DPZ,Z,1D.4453..DPZ,21600001,1,0,
2014,1D,1D.4454,1D.4454,14,2014-07-20,2014-08-02,2014-07-20T01:49:35.000000Z,2014-08-02T21:43:45.996000Z,250,DPZ,Z,1D.4454..DPZ,21600001,1,0,
2014,1D,1D.4455,1D.4455,14,2014-07-20,2014-08-02,2014-07-20T01:49:36.000000Z,2014-08-02T21:56:52.996000Z,250,DPZ,Z,1D.4455..DPZ,21600001,1,0,
2014,1D,1D.4456,1D.4456,14,2014-07-20,2014-08-02,2014-07-20T02:02:06.000000Z,2014-08-02T22:13:44.996000Z,250,DPZ,Z,1D.4456..DPZ,21600001,1,0,
2014,1D,1D.4457,1D.4457,11,2014-07-20,2014-07-30,2014-07-20T02:14:35.000000Z,2014-07-30T12:14:04.996000Z,250,DPZ,Z,1D.4457..DPZ,21600001,1,0,
2014,1D,1D.4458,1D.4458,14,2014-07-20,2014-08-02,2014-07-20T02:19:06.000000Z,2014-08-02T22:26:22.996000Z,250,DPZ,Z,1D.4458..DPZ,21600001,1,0,
2014,1D,1D.4459,1D.4459,14,2014-07-20,2014-08-02,2014-07-20T02:33:24.000000Z,2014-08-02T22:36:18.996000Z,250,DPZ,Z,1D.4459..DPZ,21600001,1,0,
2014,1D,1D.4460,1D.4460,13,2014-07-21,2014-08-02,2014-07-21T18:47:57.000000Z,2014-08-02T22:40:27.996000Z,250,DPZ,Z,1D.4460..DPZ,21600001,1,0,
2014,1D,1D.4461,1D.4461,8,2014-07-21,2014-07-28,2014-07-21T20:54:37.000000Z,2014-07-28T02:28:06.996000Z,250,DPZ,Z,1D.4461..DPZ,21600001,1,0,
2014,1D,1D.4463,1D.4463,13,2014-07-21,2014-08-02,2014-07-21T18:14:35.000000Z,2014-08-02T23:03:51.996000Z,250,DPZ,Z,1D.4463..DPZ,21600001,1,0,
2014,1D,1D.4464,1D.4464,15,2014-07-21,2014-08-04,2014-07-21T18:02:07.000000Z,2014-08-04T17:30:15.996000Z,250,DPZ,Z,1D.4464..DPZ,21600001,1,0,
2014,1D,1D.4465,1D.4465,15,2014-07-21,2014-08-04,2014-07-21T17:41:35.000000Z,2014-08-04T17:44:39.996000Z,250,DPZ,Z,1D.4465..DPZ,21600001,1,0,
2014,1D,1D.4466,1D.4466,15,2014-07-21,2014-08-04,2014-07-21T17:32:12.000000Z,2014-08-04T17:52:44.996000Z,250,DPZ,Z,1D.4466..DPZ,21600001,1,0,
2014,1D,1D.4467,1D.4467,15,2014-07-21,2014-08-04,2014-07-21T16:59:38.000000Z,2014-08-04T08:58:00.996000Z,250,DPZ,Z,1D.4467..DPZ,21600001,1,0,
2014,1D,1D.4468,1D.4468,15,2014-07-21,2014-08-04,2014-07-21T16:59:37.000000Z,2014-08-04T08:53:37.996000Z,250,DPZ,Z,1D.4468..DPZ,21600001,1,0,
2014,1D,1D.4469,1D.4469,15,2014-07-21,2014-08-04,2014-07-21T16:47:08.000000Z,2014-08-04T18:17:32.996000Z,250,DPZ,Z,1D.4469..DPZ,21600001,1,0,
2014,1D,1D.4470,1D.4470,15,2014-07-21,2014-08-04,2014-07-21T16:34:38.000000Z,2014-08-04T18:26:52.996000Z,250,DPZ,Z,1D.4470..DPZ,21600001,1,0,
2014,1D,1D.4471,1D.4471,15,2014-07-21,2014-08-04,2014-07-21T16:22:06.000000Z,2014-08-04T18:31:48.996000Z,250,DPZ,Z,1D.4471..DPZ,21600001,1,0,
2014,1D,1D.4472,1D.4472,12,2014-07-22,2014-08-02,2014-07-22T01:32:07.000000Z,2014-08-02T18:31:48.996000Z,250,DPZ,Z,1D.4472..DPZ,21600001,1,0,
2014,1D,1D.4473,1D.4473,12,2014-07-22,2014-08-02,2014-07-22T01:32:06.000000Z,2014-08-02T18:31:47.996000Z,250,DPZ,Z,1D.4473..DPZ,21600001,1,0,
2014,1D,1D.4474,1D.4474,12,2014-07-22,2014-08-02,2014-07-22T01:32:08.000000Z,2014-08-02T18:36:11.996000Z,250,DPZ,Z,1D.4474..DPZ,21600001,1,0,
2014,1D,1D.4475,1D.4475,12,2014-07-22,2014-08-02,2014-07-22T01:44:36.000000Z,2014-08-02T18:35:33.996000Z,250,DPZ,Z,1D.4475..DPZ,21600001,1,0,
2014,1D,1D.4476,1D.4476,12,2014-07-22,2014-08-02,2014-07-22T01:50:56.000000Z,2014-08-02T18:46:15.996000Z,250,DPZ,Z,1D.4476..DPZ,21600001,1,0,
2014,1D,1D.4477,1D.4477,12,2014-07-22,2014-08-02,2014-07-22T02:27:01.000000Z,2014-08-02T18:47:24.996000Z,250,DPZ,Z,1D.4477..DPZ,21600001,1,0,
2014,1D,1D.4478,1D.4478,12,2014-07-22,2014-08-02,2014-07-22T16:57:31.000000Z,2014-08-02T18:48:56.996000Z,250,DPZ,Z,1D.4478..DPZ,21600001,1,0,
2014,1D,1D.4479,1D.4479,11,2014-07-22,2014-08-01,2014-07-22T17:22:08.000000Z,2014-08-01T23:12:43.996000Z,250,DPZ,Z,1D.4479..DPZ,21600001,1,0,
2014,1D,1D.4480,1D.4480,12,2014-07-22,2014-08-02,2014-07-22T20:42:08.000000Z,2014-08-02T19:03:57.996000Z,250,DPZ,Z,1D.4480..DPZ,21600001,1,0,
2014,1D,1D.4481,1D.4481,12,2014-07-22,2014-08-02,2014-07-22T20:54:37.000000Z,2014-08-02T19:07:42.996000Z,250,DPZ,Z,1D.4481..DPZ,21600001,1,0,
2014,1D,1D.4482,1D.4482,12,2014-07-22,2014-08-02,2014-07-22T20:55:44.000000Z,2014-08-02T19:08:49.996000Z,250,DPZ,Z,1D.4482..DPZ,21600001,1,0,
2014,1D,1D.4483,1D.4483,14,2014-07-22,2014-08-04,2014-07-22T21:07:08.000000Z,2014-08-04T18:40:44.996000Z,250,DPZ,Z,1D.4483..DPZ,21600001,1,0,
2014,1D,1D.4484,1D.4484,11,2014-07-22,2014-08-01,2014-07-22T02:09:37.000000Z,2014-08-01T23:17:12.996000Z,250,DPZ,Z,1D.4484..DPZ,21600001,1,0,
2014,1D,1D.4485,1D.4485,11,2014-07-22,2014-08-01,2014-07-22T02:10:56.000000Z,2014-08-01T23:18:31.996000Z,250,DPZ,Z,1D.4485..DPZ,21600001,1,0,
2014,1D,1D.4486,1D.4486,11,2014-07-22,2014-08-01,2014-07-22T02:22:06.000000Z,2014-08-01T23:25:19.996000Z,250,DPZ,Z,1D.4486..DPZ,21600001,1,0,
2014,1D,1D.4487,1D.4487,11,2014-07-22,2014-08-01,2014-07-22T02:29:47.000000Z,2014-08-01T23:37:22.996000Z,250,DPZ,Z,1D.4487..DPZ,21600001,1,0,
2014,1D,1D.4488,1D.4488,11,2014-07-22,2014-08-01,2014-07-22T16:19:37.000000Z,2014-08-01T23:41:54.996000Z,250,DPZ,Z,1D.4488..DPZ,21600001,1,0,
2014,1D,1D.4489,1D.4489,11,2014-07-22,2014-08-01,2014-07-22T16:23:38.000000Z,2014-08-01T23:45:55.996000Z,250,DPZ,Z,1D.4489..DPZ,21600001,1,0,
2014,1D,1D.4490,1D.4490,11,2014-07-22,2014-08-01,2014-07-22T16:44:36.000000Z,2014-08-01T23:49:25.996000Z,250,DPZ,Z,1D.4490..DPZ,21600001,1,0,
2014,1D,1D.4495,1D.4495,13,2014-07-21,2014-08-02,2014-07-21T21:47:08.000000Z,2014-08-02T18:16:25.996000Z,250,DPZ,Z,1D.4495..DPZ,21600001,1,0,
2014,1D,1D.4496,1D.4496,13,2014-07-21,2014-08-02,2014-07-21T21:40:36.000000Z,2014-08-02T18:18:37.996000Z,250,DPZ,Z,1D.4496..DPZ,21600001,1,0,
2014,1D,1D.4497,1D.4497,13,2014-07-21,2014-08-02,2014-07-21T21:34:37.000000Z,2014-08-02T18:21:22.996000Z,250,DPZ,Z,1D.4497..DPZ,21600001,1,0,
2014,1D,1D.4499,1D.4499,11,2014-07-22,2014-08-01,2014-07-22T17:22:08.000000Z,2014-08-01T23:08:21.996000Z,250,DPZ,Z,1D.4499..DPZ,21600001,1,0,
2014,1D,1D.4500,1D.4500,11,2014-07-22,2014-08-01,2014-07-22T17:22:35.000000Z,2014-08-01T23:08:48.996000Z,250,DPZ,Z,1D.4500..DPZ,21600001,1,0,
2014,1D,1D.4501,1D.4501,12,2014-07-22,2014-08-02,2014-07-22T17:47:06.000000Z,2014-08-02T19:21:03.996000Z,250,DPZ,Z,1D.4501..DPZ,21600001,1,0,
2014,1D,1D.4502,1D.4502,12,2014-07-22,2014-08-02,2014-07-22T17:47:57.000000Z,2014-08-02T19:26:16.996000Z,250,DPZ,Z,1D.4502..DPZ,21600001,1,0,
2014,1D,1D.4503,1D.4503,12,2014-07-22,2014-08-02,2014-07-22T18:11:23.000000Z,2014-08-02T21:34:30.996000Z,250,DPZ,Z,1D.4503..DPZ,21600001,1,0,
2014,1D,1D.4504,1D.4504,12,2014-07-22,2014-08-02,2014-07-22T18:03:37.000000Z,2014-08-02T21:35:28.996000Z,250,DPZ,Z,1D.4504..DPZ,21600001,1,0,
2014,1D,1D.4505,1D.4505,12,2014-07-22,2014-08-02,2014-07-22T18:24:35.000000Z,2014-08-02T21:30:14.996000Z,250,DPZ,Z,1D.4505..DPZ,21600001,1,0,
2014,1D,1D.4506,1D.4506,12,2014-07-22,2014-08-02,2014-07-22T18:37:24.000000Z,2014-08-02T21:29:57.996000Z,250,DPZ,Z,1D.4506..DPZ,21600001,1,0,
2014,1D,1D.4507,1D.4507,12,2014-07-22,2014-08-02,2014-07-22T18:40:19.000000Z,2014-08-02T21:24:08.996000Z,250,DPZ,Z,1D.4507..DPZ,21600001,1,0,
2014,1D,1D.4508,1D.4508,12,2014-07-22,2014-08-02,2014-07-22T18:49:37.000000Z,2014-08-02T21:20:20.996000Z,250,DPZ,Z,1D.4508..DPZ,21600001,1,0,
2014,1D,1D.4509,1D.4509,12,2014-07-22,2014-08-02,2014-07-22T18:52:02.000000Z,2014-08-02T21:18:23.996000Z,250,DPZ,Z,1D.4509..DPZ,21600001,1,0,
2014,1D,1D.4510,1D.4510,12,2014-07-22,2014-08-02,2014-07-22T19:02:06.000000Z,2014-08-02T21:15:21.996000Z,250,DPZ,Z,1D.4510..DPZ,21600001,1,0,
2014,1D,1D.4511,1D.4511,12,2014-07-22,2014-08-02,2014-07-22T19:03:36.000000Z,2014-08-02T21:12:29.996000Z,250,DPZ,Z,1D.4511..DPZ,21600001,1,0,
2014,1D,1D.4512,1D.4512,12,2014-07-22,2014-08-02,2014-07-22T19:14:35.000000Z,2014-08-02T21:10:22.996000Z,250,DPZ,Z,1D.4512..DPZ,21600001,1,0,
2014,1D,1D.4513,1D.4513,12,2014-07-22,2014-08-02,2014-07-22T19:27:07.000000Z,2014-08-02T21:05:26.996000Z,250,DPZ,Z,1D.4513..DPZ,21600001,1,0,
2014,1D,1D.4514,1D.4514,12,2014-07-22,2014-08-02,2014-07-22T19:27:08.000000Z,2014-08-02T21:01:05.996000Z,250,DPZ,Z,1D.4514..DPZ,21600001,1,0,
2014,1D,1D.4515,1D.4515,12,2014-07-22,2014-08-02,2014-07-22T19:39:35.000000Z,2014-08-02T20:56:04.996000Z,250,DPZ,Z,1D.4515..DPZ,21600001,1,0,
2014,1D,1D.4516,1D.4516,12,2014-07-22,2014-08-02,2014-07-22T19:39:45.000000Z,2014-08-02T20:51:52.996000Z,250,DPZ,Z,1D.4516..DPZ,21600001,1,0,
2014,1D,1D.4517,1D.4517,12,2014-07-22,2014-08-02,2014-07-22T19:59:30.000000Z,2014-08-02T20:49:47.996000Z,250,DPZ,Z,1D.4517..DPZ,21600001,1,0,
2014,1D,1D.4518,1D.4518,12,2014-07-22,2014-08-02,2014-07-22T20:04:37.000000Z,2014-08-02T20:41:48.996000Z,250,DPZ,Z,1D.4518..DPZ,21600001,1,0,
2014,1D,1D.4519,1D.4519,12,2014-07-22,2014-08-02,2014-07-22T20:05:33.000000Z,2014-08-02T20:38:22.996000Z,250,DPZ,Z,1D.4519..DPZ,21600001,1,0,
2014,1D,1D.4520,1D.4520,13,2014-07-20,2014-08-01,2014-07-20T21:29:54.000000Z,2014-08-01T20:36:23.996000Z,250,DPZ,Z,1D.4520..DPZ,21600001,1,0,
2014,1D,1D.4521,1D.4521,13,2014-07-20,2014-08-01,2014-07-20T21:28:55.000000Z,2014-08-01T20:39:46.996000Z,250,DPZ,Z,1D.4521..DPZ,21600001,1,0,
2014,1D,1D.4522,1D.4522,13,2014-07-20,2014-08-01,2014-07-20T21:24:37.000000Z,2014-08-01T20:39:50.996000Z,250,DPZ,Z,1D.4522..DPZ,21600001,1,0,
2014,1D,1D.4523,1D.4523,13,2014-07-20,2014-08-01,2014-07-20T21:24:34.000000Z,2014-08-01T20:44:09.996000Z,250,DPZ,Z,1D.4523..DPZ,21600001,1,0,
2014,1D,1D.4524,1D.4524,13,2014-07-20,2014-08-01,2014-07-20T21:13:18.000000Z,2014-08-01T20:50:21.996000Z,250,DPZ,Z,1D.4524..DPZ,21600001,1,0,
2014,1D,1D.4525,1D.4525,13,2014-07-20,2014-08-01,2014-07-20T21:12:05.000000Z,2014-08-01T20:53:30.996000Z,250,DPZ,Z,1D.4525..DPZ,21600001,1,0,
2014,1D,1D.4526,1D.4526,13,2014-07-20,2014-08-01,2014-07-20T21:12:06.000000Z,2014-08-01T20:57:53.996000Z,250,DPZ,Z,1D.4526..DPZ,21600001,1,0,
2014,1D,1D.4527,1D.4527,6,2014-07-20,2014-07-25,2014-07-20T20:59:52.000000Z,2014-07-25T22:38:44.996000Z,250,DPZ,Z,1D.4527..DPZ,21600001,1,0,
2014,1D,1D.4528,1D.4528,13,2014-07-20,2014-08-01,2014-07-20T21:00:56.000000Z,2014-08-01T21:04:11.996000Z,250,DPZ,Z,1D.4528..DPZ,21600001,1,0,
2014,1D,1D.4529,1D.4529,13,2014-07-20,2014-08-01,2014-07-20T20:59:36.000000Z,2014-08-01T21:07:13.996000Z,250,DPZ,Z,1D.4529..DPZ,21600001,1,0,
2014,1D,1D.4530,1D.4530,11,2014-07-22,2014-08-01,2014-07-22T22:34:35.000000Z,2014-08-01T23:04:13.996000Z,250,DPZ,Z,1D.4530..DPZ,21600001,1,0,
2014,1D,1D.4531,1D.4531,11,2014-07-22,2014-08-01,2014-07-22T22:47:06.000000Z,2014-08-01T22:59:16.996000Z,250,DPZ,Z,1D.4531..DPZ,21600001,1,0,
2014,1D,1D.4532,1D.4532,11,2014-07-22,2014-08-01,2014-07-22T22:47:07.000000Z,2014-08-01T22:59:17.996000Z,250,DPZ,Z,1D.4532..DPZ,21600001,1,0,
2014,1D,1D.4533,1D.4533,11,2014-07-22,2014-08-01,2014-07-22T22:59:37.003999Z,2014-08-01T22:54:19.999999Z,250,DPZ,Z,1D.4533..DPZ,21600000,1,0,
2014,1D,1D.4534,1D.4534,11,2014-07-22,2014-08-01,2014-07-22T23:01:13.000000Z,2014-08-01T22:51:33.996000Z,250,DPZ,Z,1D.4534..DPZ,21600001,1,0,
2014,1D,1D.4535,1D.4535,11,2014-07-22,2014-08-01,2014-07-22T23:12:06.000000Z,2014-08-01T22:49:20.996000Z,250,DPZ,Z,1D.4535..DPZ,21600001,1,0,
2014,1D,1D.4536,1D.4536,10,2014-07-22,2014-07-31,2014-07-22T23:12:06.000000Z,2014-07-31T08:28:06.996000Z,250,DPZ,Z,1D.4536..DPZ,21600001,1,0,
2014,1D,1D.4537,1D.4537,11,2014-07-22,2014-08-01,2014-07-22T23:22:03.000000Z,2014-08-01T22:41:49.996000Z,250,DPZ,Z,1D.4537..DPZ,21600001,1,0,
2014,1D,1D.4538,1D.4538,11,2014-07-22,2014-08-01,2014-07-22T23:24:36.000000Z,2014-08-01T22:40:00.996000Z,250,DPZ,Z,1D.4538..DPZ,21600001,1,0,
2014,1D,1D.4539,1D.4539,11,2014-07-22,2014-08-01,2014-07-22T23:26:48.000000Z,2014-08-01T22:37:50.996000Z,250,DPZ,Z,1D.4539..DPZ,21600001,1,0,
2014,1D,1D.4540,1D.4540,11,2014-07-22,2014-08-01,2014-07-22T23:49:36.000000Z,2014-08-01T22:34:26.996000Z,250,DPZ,Z,1D.4540..DPZ,21600001,1,0,
2014,1D,1D.4543,1D.4543,14,2014-07-19,2014-08-01,2014-07-19T17:24:35.000000Z,2014-08-01T20:43:09.996000Z,250,DPZ,Z,1D.4543..DPZ,21600001,1,0,
2014,1D,1D.4544,1D.4544,14,2014-07-19,2014-08-01,2014-07-19T17:37:06.000000Z,2014-08-01T19:58:54.996000Z,250,DPZ,Z,1D.4544..DPZ,21600001,1,0,
2014,1D,1D.4545,1D.4545,12,2014-07-19,2014-07-30,2014-07-19T22:26:52.000000Z,2014-07-30T16:44:09.996000Z,250,DPZ,Z,1D.4545..DPZ,21600001,1,0,
2014,1D,1D.4546,1D.4546,14,2014-07-19,2014-08-01,2014-07-19T22:37:07.000000Z,2014-08-01T20:10:43.996000Z,250,DPZ,Z,1D.4546..DPZ,21600001,1,0,
2014,1D,1D.4547,1D.4547,14,2014-07-19,2014-08-01,2014-07-19T22:40:07.000000Z,2014-08-01T20:13:43.996000Z,250,DPZ,Z,1D.4547..DPZ,21600001,1,0,
2014,1D,1D.4548,1D.4548,14,2014-07-19,2014-08-01,2014-07-19T17:37:08.000000Z,2014-08-01T19:58:56.996000Z,250,DPZ,Z,1D.4548..DPZ,21600001,1,0,
2014,1D,1D.4549,1D.4549,14,2014-07-19,2014-08-01,2014-07-19T22:52:19.000000Z,2014-08-01T20:17:11.996000Z,250,DPZ,Z,1D.4549..DPZ,21600001,1,0,
2014,1D,1D.4550,1D.4550,14,2014-07-19,2014-08-01,2014-07-19T22:55:08.000000Z,2014-08-01T20:20:00.996000Z,250,DPZ,Z,1D.4550..DPZ,21600001,1,0,
2014,1D,1D.4551,1D.4551,14,2014-07-19,2014-08-01,2014-07-19T23:03:58.000000Z,2014-08-01T20:24:28.996000Z,250,DPZ,Z,1D.4551..DPZ,21600001,1,0,
2014,1D,1D.4554,1D.4554,14,2014-07-19,2014-08-01,2014-07-19T17:37:05.000000Z,2014-08-01T19:54:31.996000Z,250,DPZ,Z,1D.4554..DPZ,21600001,1,0,
2014,1D,1D.4555,1D.4555,14,2014-07-19,2014-08-01,2014-07-19T17:49:37.000000Z,2014-08-01T19:49:35.996000Z,250,DPZ,Z,1D.4555..DPZ,21600001,1,0,
2014,1D,1D.4556,1D.4556,14,2014-07-19,2014-08-01,2014-07-19T17:51:08.000000Z,2014-08-01T19:46:44.996000Z,250,DPZ,Z,1D.4556..DPZ,21600001,1,0,
2014,1D,1D.4557,1D.4557,14,2014-07-19,2014-08-01,2014-07-19T18:03:36.000000Z,2014-08-01T19:41:44.996000Z,250,DPZ,Z,1D.4557..DPZ,21600001,1,0,
2014,1D,1D.4558,1D.4558,14,2014-07-19,2014-08-01,2014-07-19T18:03:33.000000Z,2014-08-01T19:37:19.996000Z,250,DPZ,Z,1D.4558..DPZ,21600001,1,0,
2014,1D,1D.4559,1D.4559,10,2014-07-23,2014-08-01,2014-07-23T00:02:09.000000Z,2014-08-01T22:29:31.996000Z,250,DPZ,Z,1D.4559..DPZ,21600001,1,0,
2014,1D,1D.4561,1D.4561,14,2014-07-19,2014-08-01,2014-07-19T18:14:37.000000Z,2014-08-01T19:30:55.996000Z,250,DPZ,Z,1D.4561..DPZ,21600001,1,0,
2014,1D,1D.4562,1D.4562,14,2014-07-19,2014-08-01,2014-07-19T18:16:31.000000Z,2014-08-01T19:28:27.996000Z,250,DPZ,Z,1D.4562..DPZ,21600001,1,0,
2014,1D,1D.4563,1D.4563,14,2014-07-19,2014-08-01,2014-07-19T18:27:07.000000Z,2014-08-01T19:21:35.996000Z,250,DPZ,Z,1D.4563..DPZ,21600001,1,0,
2014,1D,1D.4564,1D.4564,14,2014-07-19,2014-08-01,2014-07-19T18:27:08.000000Z,2014-08-01T19:17:14.996000Z,250,DPZ,Z,1D.4564..DPZ,21600001,1,0,
2014,1D,1D.4565,1D.4565,14,2014-07-19,2014-08-01,2014-07-19T19:04:36.000000Z,2014-08-01T19:15:24.996000Z,250,DPZ,Z,1D.4565..DPZ,21600001,1,0,
2014,1D,1D.4566,1D.4566,14,2014-07-19,2014-08-01,2014-07-19T19:19:57.000000Z,2014-08-01T19:08:55.996000Z,250,DPZ,Z,1D.4566..DPZ,21600001,1,0,
2014,1D,1D.4567,1D.4567,14,2014-07-19,2014-08-01,2014-07-19T19:29:37.000000Z,2014-08-01T19:05:29.996000Z,250,DPZ,Z,1D.4567..DPZ,21600001,1,0,
2014,1D,1D.4568,1D.4568,11,2014-07-19,2014-07-29,2014-07-19T20:06:00.000000Z,2014-07-29T07:16:32.996000Z,250,DPZ,Z,1D.4568..DPZ,21600001,1,0,
2014,1D,1D.4569,1D.4569,14,2014-07-19,2014-08-01,2014-07-19T19:05:15.000000Z,2014-08-01T18:54:13.996000Z,250,DPZ,Z,1D.4569..DPZ,21600001,1,0,
2014,1D,1D.4570,1D.4570,14,2014-07-19,2014-08-01,2014-07-19T20:44:36.000000Z,2014-08-01T18:44:24.996000Z,250,DPZ,Z,1D.4570..DPZ,21600001,1,0,
2014,1D,1D.4571,1D.4571,14,2014-07-19,2014-08-01,2014-07-19T20:51:58.000000Z,2014-08-01T18:38:40.996000Z,250,DPZ,Z,1D.4571..DPZ,21600001,1,0,
2014,1D,1D.4572,1D.4572,14,2014-07-19,2014-08-01,2014-07-19T21:15:18.000000Z,2014-08-01T18:31:26.996000Z,250,DPZ,Z,1D.4572..DPZ,21600001,1,0,
2014,1D,1D.4574,1D.4574,14,2014-07-19,2014-08-01,2014-07-19T20:32:07.000000Z,2014-08-01T18:14:27.996000Z,250,DPZ,Z,1D.4574..DPZ,21600001,1,0,
2014,1D,1D.4576,1D.4576,14,2014-07-19,2014-08-01,2014-07-19T20:19:37.000000Z,2014-08-01T18:06:19.996000Z,250,DPZ,Z,1D.4576..DPZ,21600001,1,0,
2014,1D,1D.4577,1D.4577,14,2014-07-19,2014-08-01,2014-07-19T20:19:37.000000Z,2014-08-01T17:57:35.996000Z,250,DPZ,Z,1D.4577..DPZ,21600001,1,0,
2014,1D,1D.4578,1D.4578,14,2014-07-19,2014-08-01,2014-07-19T20:07:05.000000Z,2014-08-01T17:53:47.996000Z,250,DPZ,Z,1D.4578..DPZ,21600001,1,0,
2014,1D,1D.4579,1D.4579,10,2014-07-20,2014-07-29,2014-07-20T20:59:37.000000Z,2014-07-29T01:44:53.996000Z,250,DPZ,Z,1D.4579..DPZ,21600001,1,0,
2014,1D,1D.4580,1D.4580,13,2014-07-20,2014-08-01,2014-07-20T20:47:08.000000Z,2014-08-01T18:56:51.996000Z,250,DPZ,Z,1D.4580..DPZ,21600001,1,0,
2014,1D,1D.4581,1D.4581,13,2014-07-20,2014-08-01,2014-07-20T20:47:07.000000Z,2014-08-01T18:48:06.996000Z,250,DPZ,Z,1D.4581..DPZ,21600001,1,0,
2014,1D,1D.4582,1D.4582,13,2014-07-20,2014-08-01,2014-07-20T20:34:35.000000Z,2014-08-01T18:44:18.996000Z,250,DPZ,Z,1D.4582..DPZ,21600001,1,0,
2014,1D,1D.4583,1D.4583,13,2014-07-20,2014-08-01,2014-07-20T20:22:06.000000Z,2014-08-01T18:36:11.996000Z,250,DPZ,Z,1D.4583..DPZ,21600001,1,0,
2014,1D,1D.4584,1D.4584,13,2014-07-20,2014-08-01,2014-07-20T20:13:02.000000Z,2014-08-01T18:27:07.996000Z,250,DPZ,Z,1D.4584..DPZ,21600001,1,0,
2014,1D,1D.4585,1D.4585,13,2014-07-20,2014-08-01,2014-07-20T20:01:38.000000Z,2014-08-01T19:29:57.996000Z,250,DPZ,Z,1D.4585..DPZ,21600001,1,0,
2014,1D,1D.4586,1D.4586,13,2014-07-20,2014-08-01,2014-07-20T19:57:07.000000Z,2014-08-01T19:34:10.996000Z,250,DPZ,Z,1D.4586..DPZ,21600001,1,0,
2014,1D,1D.4587,1D.4587,13,2014-07-20,2014-08-01,2014-07-20T19:44:37.000000Z,2014-08-01T19:39:08.996000Z,250,DPZ,Z,1D.4587..DPZ,21600001,1,0,
2014,1D,1D.4588,1D.4588,13,2014-07-20,2014-08-01,2014-07-20T19:32:06.000000Z,2014-08-01T19:48:27.996000Z,250,DPZ,Z,1D.4588..DPZ,21600001,1,0,
2014,1D,1D.4589,1D.4589,13,2014-07-20,2014-08-01,2014-07-20T19:32:07.000000Z,2014-08-01T19:57:12.996000Z,250,DPZ,Z,1D.4589..DPZ,21600001,1,0,
2014,1D,1D.4590,1D.4590,13,2014-07-20,2014-08-01,2014-07-20T19:19:37.000000Z,2014-08-01T20:02:10.996000Z,250,DPZ,Z,1D.4590..DPZ,21600001,1,0,
2014,1D,1D.4591,1D.4591,13,2014-07-20,2014-08-01,2014-07-20T19:07:07.000000Z,2014-08-01T20:28:58.996000Z,250,DPZ,Z,1D.4591..DPZ,21600001,1,0,
2014,1D,1D.4592,1D.4592,13,2014-07-20,2014-08-01,2014-07-20T18:54:37.000000Z,2014-08-01T20:42:40.996000Z,250,DPZ,Z,1D.4592..DPZ,21600001,1,0,
2014,1D,1D.4593,1D.4593,13,2014-07-20,2014-08-01,2014-07-20T18:44:15.000000Z,2014-08-01T20:49:46.996000Z,250,DPZ,Z,1D.4593..DPZ,21600001,1,0,
2014,1D,1D.4594,1D.4594,13,2014-07-20,2014-08-01,2014-07-20T18:42:08.000000Z,2014-08-01T21:13:51.996000Z,250,DPZ,Z,1D.4594..DPZ,21600001,1,0,
2014,1D,1D.4595,1D.4595,13,2014-07-20,2014-08-01,2014-07-20T22:39:34.000000Z,2014-08-01T21:19:51.996000Z,250,DPZ,Z,1D.4595..DPZ,21600001,1,0,
2014,1D,1D.4596,1D.4596,11,2014-07-22,2014-08-01,2014-07-22T01:19:35.000000Z,2014-08-01T21:26:02.996000Z,250,DPZ,Z,1D.4596..DPZ,21600001,1,0,
2014,1D,1D.4597,1D.4597,11,2014-07-22,2014-08-01,2014-07-22T01:07:05.000000Z,2014-08-01T21:35:22.996000Z,250,DPZ,Z,1D.4597..DPZ,21600001,1,0,
2014,1D,1D.4598,1D.4598,11,2014-07-22,2014-08-01,2014-07-22T01:07:07.000000Z,2014-08-01T21:44:08.996000Z,250,DPZ,Z,1D.4598..DPZ,21600001,1,0,
2014,1D,1D.4599,1D.4599,11,2014-07-22,2014-08-01,2014-07-22T00:56:54.000000Z,2014-08-01T21:51:23.996000Z,250,DPZ,Z,1D.4599..DPZ,21600001,1,0,
2014,1D,1D.4600,1D.4600,11,2014-07-22,2014-08-01,2014-07-22T00:54:38.000000Z,2014-08-01T21:53:29.996000Z,250,DPZ,Z,1D.4600..DPZ,21600001,1,0,
2014,1D,1D.4601,1D.4601,11,2014-07-22,2014-08-01,2014-07-22T00:46:11.000000Z,2014-08-01T22:02:30.996000Z,250,DPZ,Z,1D.4601..DPZ,21600001,1,0,
2014,1D,1D.4602,1D.4602,11,2014-07-22,2014-08-01,2014-07-22T00:42:06.000000Z,2014-08-01T22:07:09.996000Z,250,DPZ,Z,1D.4602..DPZ,21600001,1,0,
2014,1D,1D.4603,1D.4603,11,2014-07-22,2014-08-01,2014-07-22T00:42:06.000000Z,2014-08-01T22:28:59.996000Z,250,DPZ,Z,1D.4603..DPZ,21600001,1,0,
2014,1D,1D.4604,1D.4604,11,2014-07-22,2014-08-01,2014-07-22T00:29:36.000000Z,2014-08-01T22:33:57.996000Z,250,DPZ,Z,1D.4604..DPZ,21600001,1,0,
2014,1D,1D.4605,1D.4605,14,2014-07-22,2014-08-04,2014-07-22T00:17:12.000000Z,2014-08-04T17:29:48.996000Z,250,DPZ,Z,1D.4605..DPZ,21600001,1,0,
2014,1D,1D.4606,1D.4606,11,2014-07-22,2014-08-01,2014-07-22T00:17:05.000000Z,2014-08-01T22:43:16.996000Z,250,DPZ,Z,1D.4606..DPZ,21600001,1,0,
2014,1D,1D.4607,1D.4607,11,2014-07-22,2014-08-01,2014-07-22T00:04:36.000000Z,2014-08-01T22:48:15.996000Z,250,DPZ,Z,1D.4607..DPZ,21600001,1,0,
2014,1D,1D.4608,1D.4608,13,2014-07-20,2014-08-01,2014-07-20T17:28:59.000000Z,2014-08-01T22:53:11.996000Z,250,DPZ,Z,1D.4608..DPZ,21600001,1,0,
2014,1D,1D.4609,1D.4609,12,2014-07-21,2014-08-01,2014-07-21T00:44:35.996000Z,2014-08-01T23:55:27.992000Z,250,DPZ,Z,1D.4609..DPZ,21600001,1,0,
2014,1D,1D.4610,1D.4610,12,2014-07-21,2014-08-01,2014-07-21T00:44:38.000000Z,2014-08-01T23:55:29.996000Z,250,DPZ,Z,1D.4610..DPZ,21600001,1,0,
2014,1D,1D.4611,1D.4611,12,2014-07-21,2014-08-01,2014-07-21T00:44:36.000000Z,2014-08-01T23:59:49.996000Z,250,DPZ,Z,1D.4611..DPZ,21600001,1,0,
2014,1D,1D.4612,1D.4612,12,2014-07-21,2014-08-01,2014-07-21T00:48:12.000000Z,2014-08-01T23:59:03.996000Z,250,DPZ,Z,1D.4612..DPZ,21600001,1,0,
2014,1D,1D.4613,1D.4613,13,2014-07-21,2014-08-02,2014-07-21T00:57:05.000000Z,2014-08-02T00:03:34.996000Z,250,DPZ,Z,1D.4613..DPZ,21600001,1,0,
2014,1D,1D.4614,1D.4614,13,2014-07-21,2014-08-02,2014-07-21T00:57:07.000000Z,2014-08-02T00:03:36.996000Z,250,DPZ,Z,1D.4614..DPZ,21600001,1,0,
2014,1D,1D.4615,1D.4615,12,2014-07-21,2014-08-01,2014-07-21T01:00:17.000000Z,2014-08-01T20:45:54.996000Z,250,DPZ,Z,1D.4615..DPZ,21600001,1,0,
2014,1D,1D.4617,1D.4617,12,2014-07-21,2014-08-01,2014-07-21T01:09:37.000000Z,2014-08-01T20:42:08.996000Z,250,DPZ,Z,1D.4617..DPZ,21600001,1,0,
2014,1D,1D.4623,1D.4623,13,2014-07-20,2014-08-01,2014-07-20T21:49:38.000000Z,2014-08-01T21:09:13.996000Z,250,DPZ,Z,1D.4623..DPZ,21600001,1,0,
2014,1D,1D.4624,1D.4624,13,2014-07-20,2014-08-01,2014-07-20T21:37:06.000000Z,2014-08-01T20:08:39.996000Z,250,DPZ,Z,1D.4624..DPZ,21600001,1,0,
2014,1D,1D.4625,1D.4625,13,2014-07-20,2014-08-01,2014-07-20T21:37:05.000000Z,2014-08-01T20:04:16.996000Z,250,DPZ,Z,1D.4625..DPZ,21600001,1,0,
2014,1D,1D.4626,1D.4626,13,2014-07-20,2014-08-01,2014-07-20T21:37:08.000000Z,2014-08-01T19:59:57.996000Z,250,DPZ,Z,1D.4626..DPZ,21600001,1,0,
2014,1D,1D.4631,1D.4631,13,2014-07-20,2014-08-01,2014-07-20T22:52:07.000000Z,2014-08-01T22:02:58.996000Z,250,DPZ,Z,1D.4631..DPZ,21600001,1,0,
2014,1D,1D.4632,1D.4632,13,2014-07-20,2014-08-01,2014-07-20T23:04:37.000000Z,2014-08-01T22:02:22.996000Z,250,DPZ,Z,1D.4632..DPZ,21600001,1,0,
2014,1D,1D.4633,1D.4633,13,2014-07-20,2014-08-01,2014-07-20T23:04:37.000000Z,2014-08-01T22:06:44.996000Z,250,DPZ,Z,1D.4633..DPZ,21600001,1,0,
2014,1D,1D.4634,1D.4634,13,2014-07-22,2014-08-03,2014-07-22T23:24:36.000000Z,2014-08-03T00:06:09.996000Z,250,DPZ,Z,1D.4634..DPZ,21600001,1,0,
2014,1D,1D.4635,1D.4635,12,2014-07-22,2014-08-02,2014-07-22T23:28:50.000000Z,2014-08-02T23:52:55.996000Z,250,DPZ,Z,1D.4635..DPZ,21600001,1,0,
2014,1D,1D.4636,1D.4636,12,2014-07-23,2014-08-03,2014-07-23T00:39:39.000000Z,2014-08-03T01:25:34.996000Z,250,DPZ,Z,1D.4636..DPZ,21600001,1,0,
2014,1D,1D.4637,1D.4637,12,2014-07-23,2014-08-03,2014-07-23T00:52:06.000000Z,2014-08-03T01:24:55.996000Z,250,DPZ,Z,1D.4637..DPZ,21600001,1,0,
2014,1D,1D.4651,1D.4651,14,2014-07-21,2014-08-03,2014-07-21T17:33:50.000000Z,2014-08-03T23:33:58.996000Z,250,DPZ,Z,1D.4651..DPZ,21600001,1,0,
2014,1D,1D.4652,1D.4652,14,2014-07-21,2014-08-03,2014-07-21T17:37:07.000000Z,2014-08-03T23:28:31.996000Z,250,DPZ,Z,1D.4652..DPZ,21600001,1,0,
2014,1D,1D.4653,1D.4653,14,2014-07-21,2014-08-03,2014-07-21T17:39:38.000000Z,2014-08-03T23:26:40.996000Z,250,DPZ,Z,1D.4653..DPZ,21600001,1,0,
2014,1D,1D.4654,1D.4654,14,2014-07-21,2014-08-03,2014-07-21T17:39:20.000000Z,2014-08-03T23:22:00.996000Z,250,DPZ,Z,1D.4654..DPZ,21600001,1,0,
2014,1D,1D.4655,1D.4655,11,2014-07-22,2014-08-01,2014-07-22T04:14:37.000000Z,2014-08-01T15:19:36.996000Z,250,DPZ,Z,1D.4655..DPZ,21600001,1,0,
2014,1D,1D.4656,1D.4656,11,2014-07-22,2014-08-01,2014-07-22T04:17:10.000000Z,2014-08-01T15:26:31.996000Z,250,DPZ,Z,1D.4656..DPZ,21600001,1,0,
2014,1D,1D.4657,1D.4657,11,2014-07-22,2014-08-01,2014-07-22T04:27:08.000000Z,2014-08-01T15:32:07.996000Z,250,DPZ,Z,1D.4657..DPZ,21600001,1,0,
2014,1D,1D.4658,1D.4658,11,2014-07-22,2014-08-01,2014-07-22T04:34:58.000000Z,2014-08-01T15:35:35.996000Z,250,DPZ,Z,1D.4658..DPZ,21600001,1,0,
2014,1D,1D.4659,1D.4659,11,2014-07-22,2014-08-01,2014-07-22T04:39:38.000000Z,2014-08-01T15:44:37.996000Z,250,DPZ,Z,1D.4659..DPZ,21600001,1,0,
2014,1D,1D.4660,1D.4660,11,2014-07-22,2014-08-01,2014-07-22T04:52:08.000000Z,2014-08-01T15:48:23.996000Z,250,DPZ,Z,1D.4660..DPZ,21600001,1,0,
2014,1D,1D.4679,1D.4679,10,2014-07-23,2014-08-01,2014-07-23T00:02:07.000000Z,2014-08-01T21:15:15.996000Z,250,DPZ,Z,1D.4679..DPZ,21600001,1,0,
2014,1D,1D.4680,1D.4680,11,2014-07-22,2014-08-01,2014-07-22T21:07:07.000000Z,2014-08-01T23:42:59.996000Z,250,DPZ,Z,1D.4680..DPZ,21600001,1,0,
2014,1D,1D.4681,1D.4681,11,2014-07-22,2014-08-01,2014-07-22T20:55:14.000000Z,2014-08-01T22:13:58.996000Z,250,DPZ,Z,1D.4681..DPZ,21600001,1,0,
2014,1D,1D.4682,1D.4682,14,2014-07-22,2014-08-04,2014-07-22T20:54:35.000000Z,2014-08-04T19:20:35.996000Z,250,DPZ,Z,1D.4682..DPZ,21600001,1,0,
2014,1D,1D.4683,1D.4683,14,2014-07-22,2014-08-04,2014-07-22T20:42:08.000000Z,2014-08-04T14:19:56.996000Z,250,DPZ,Z,1D.4683..DPZ,21600001,1,0,
2014,1D,1D.4684,1D.4684,14,2014-07-22,2014-08-04,2014-07-22T20:29:38.000000Z,2014-08-04T18:03:14.996000Z,250,DPZ,Z,1D.4684..DPZ,21600001,1,0,
2014,1D,1D.4685,1D.4685,14,2014-07-22,2014-08-04,2014-07-22T20:19:04.000000Z,2014-08-04T17:57:02.996000Z,250,DPZ,Z,1D.4685..DPZ,21600001,1,0,
2014,1D,1D.4686,1D.4686,14,2014-07-22,2014-08-04,2014-07-22T19:27:05.000000Z,2014-08-04T20:04:05.996000Z,250,DPZ,Z,1D.4686..DPZ,21600001,1,0,
2014,1D,1D.4687,1D.4687,14,2014-07-22,2014-08-04,2014-07-22T19:02:07.000000Z,2014-08-04T21:06:27.996000Z,250,DPZ,Z,1D.4687..DPZ,21600001,1,0,
2014,1D,1D.4689,1D.4689,14,2014-07-22,2014-08-04,2014-07-22T19:39:38.000000Z,2014-08-04T20:25:22.996000Z,250,DPZ,Z,1D.4689..DPZ,21600001,1,0,
2014,1D,1D.4690,1D.4690,14,2014-07-22,2014-08-04,2014-07-22T19:52:07.000000Z,2014-08-04T20:29:07.996000Z,250,DPZ,Z,1D.4690..DPZ,21600001,1,0,
2014,1D,1D.4691,1D.4691,14,2014-07-22,2014-08-04,2014-07-22T18:49:38.000000Z,2014-08-04T21:11:26.996000Z,250,DPZ,Z,1D.4691..DPZ,21600001,1,0,
2014,1D,1D.4692,1D.4692,14,2014-07-22,2014-08-04,2014-07-22T18:39:35.000000Z,2014-08-04T21:18:51.996000Z,250,DPZ,Z,1D.4692..DPZ,21600001,1,0,
2014,1D,1D.4693,1D.4693,14,2014-07-22,2014-08-04,2014-07-22T18:37:07.000000Z,2014-08-04T21:25:07.996000Z,250,DPZ,Z,1D.4693..DPZ,21600001,1,0,
2014,1D,1D.4694,1D.4694,14,2014-07-22,2014-08-04,2014-07-22T18:24:38.000000Z,2014-08-04T21:30:06.996000Z,250,DPZ,Z,1D.4694..DPZ,21600001,1,0,
2014,1D,1D.4695,1D.4695,14,2014-07-22,2014-08-04,2014-07-22T18:24:38.000000Z,2014-08-04T21:34:28.996000Z,250,DPZ,Z,1D.4695..DPZ,21600001,1,0,
2014,1D,1D.4696,1D.4696,13,2014-07-22,2014-08-03,2014-07-22T18:12:07.000000Z,2014-08-03T21:40:36.996000Z,250,DPZ,Z,1D.4696..DPZ,21600001,1,0,
2014,1D,1D.4697,1D.4697,13,2014-07-22,2014-08-03,2014-07-22T18:24:36.000000Z,2014-08-03T21:39:59.996000Z,250,DPZ,Z,1D.4697..DPZ,21600001,1,0,
2014,1D,1D.4698,1D.4698,13,2014-07-22,2014-08-03,2014-07-22T18:24:37.000000Z,2014-08-03T21:40:00.996000Z,250,DPZ,Z,1D.4698..DPZ,21600001,1,0,
2014,1D,1D.4699,1D.4699,7,2014-07-22,2014-07-28,2014-07-22T18:24:49.000000Z,2014-07-28T18:54:49.996000Z,250,DPZ,Z,1D.4699..DPZ,21600001,1,0,
2014,1D,1D.4700,1D.4700,13,2014-07-22,2014-08-03,2014-07-22T18:37:06.000000Z,2014-08-03T21:17:33.996000Z,250,DPZ,Z,1D.4700..DPZ,21600001,1,0,
2014,1D,1D.4701,1D.4701,13,2014-07-20,2014-08-01,2014-07-20T22:27:07.000000Z,2014-08-01T17:33:26.996000Z,250,DPZ,Z,1D.4701..DPZ,21600001,1,0,
2014,1D,1D.4702,1D.4702,13,2014-07-20,2014-08-01,2014-07-20T21:24:37.000000Z,2014-08-01T16:52:46.996000Z,250,DPZ,Z,1D.4702..DPZ,21600001,1,0,
2014,1D,1D.4703,1D.4703,13,2014-07-22,2014-08-03,2014-07-22T18:12:06.000000Z,2014-08-03T21:44:57.996000Z,250,DPZ,Z,1D.4703..DPZ,21600001,1,0,
2014,1D,1D.4704,1D.4704,13,2014-07-20,2014-08-01,2014-07-20T20:59:36.000000Z,2014-08-01T21:07:13.996000Z,250,DPZ,Z,1D.4704..DPZ,21600001,1,0,
2014,1D,1D.4705,1D.4705,13,2014-07-22,2014-08-03,2014-07-22T18:00:12.000000Z,2014-08-03T21:48:20.996000Z,250,DPZ,Z,1D.4705..DPZ,21600001,1,0,
2014,1D,1D.4706,1D.4706,13,2014-07-22,2014-08-03,2014-07-22T18:37:06.000000Z,2014-08-03T21:13:11.996000Z,250,DPZ,Z,1D.4706..DPZ,21600001,1,0,
2014,1D,1D.4707,1D.4707,14,2014-07-22,2014-08-04,2014-07-22T18:37:07.000000Z,2014-08-04T21:25:07.996000Z,250,DPZ,Z,1D.4707..DPZ,21600001,1,0,
2014,1D,1D.4708,1D.4708,13,2014-07-22,2014-08-03,2014-07-22T18:49:36.000000Z,2014-08-03T21:08:13.996000Z,250,DPZ,Z,1D.4708..DPZ,21600001,1,0,
2014,1D,1D.4709,1D.4709,13,2014-07-22,2014-08-03,2014-07-22T18:49:36.000000Z,2014-08-03T20:46:23.996000Z,250,DPZ,Z,1D.4709..DPZ,21600001,1,0,
2014,1D,1D.4710,1D.4710,12,2014-07-22,2014-08-02,2014-07-22T19:14:35.000000Z,2014-08-02T09:57:54.996000Z,250,DPZ,Z,1D.4710..DPZ,21600001,1,0,
2014,1D,1D.4711,1D.4711,13,2014-07-22,2014-08-03,2014-07-22T19:27:07.000000Z,2014-08-03T20:31:30.996000Z,250,DPZ,Z,1D.4711..DPZ,21600001,1,0,
2014,1D,1D.4712,1D.4712,13,2014-07-22,2014-08-03,2014-07-22T19:27:07.000000Z,2014-08-03T20:27:08.996000Z,250,DPZ,Z,1D.4712..DPZ,21600001,1,0,
2014,1D,1D.4713,1D.4713,13,2014-07-22,2014-08-03,2014-07-22T19:39:38.000000Z,2014-08-03T20:17:49.996000Z,250,DPZ,Z,1D.4713..DPZ,21600001,1,0,
2014,1D,1D.4714,1D.4714,13,2014-07-22,2014-08-03,2014-07-22T19:41:50.000000Z,2014-08-03T20:15:39.996000Z,250,DPZ,Z,1D.4714..DPZ,21600001,1,0,
2014,1D,1D.4715,1D.4715,13,2014-07-22,2014-08-03,2014-07-22T19:53:42.000000Z,2014-08-03T20:01:19.996000Z,250,DPZ,Z,1D.4715..DPZ,21600001,1,0,
2014,1D,1D.4716,1D.4716,13,2014-07-22,2014-08-03,2014-07-22T20:08:39.000000Z,2014-08-03T19:54:26.996000Z,250,DPZ,Z,1D.4716..DPZ,21600001,1,0,
2014,1D,1D.4717,1D.4717,13,2014-07-22,2014-08-03,2014-07-22T20:17:05.000000Z,2014-08-03T19:54:08.996000Z,250,DPZ,Z,1D.4717..DPZ,21600001,1,0,
2014,1D,1D.4718,1D.4718,13,2014-07-22,2014-08-03,2014-07-22T20:29:37.000000Z,2014-08-03T19:44:50.996000Z,250,DPZ,Z,1D.4718..DPZ,21600001,1,0,
2014,1D,1D.4719,1D.4719,13,2014-07-22,2014-08-03,2014-07-22T20:29:38.000000Z,2014-08-03T19:09:55.996000Z,250,DPZ,Z,1D.4719..DPZ,21600001,1,0,
2014,1D,1D.4720,1D.4720,13,2014-07-22,2014-08-03,2014-07-22T20:42:08.000000Z,2014-08-03T19:13:41.996000Z,250,DPZ,Z,1D.4720..DPZ,21600001,1,0,
2014,1D,1D.4721,1D.4721,15,2014-07-21,2014-08-04,2014-07-21T21:40:07.000000Z,2014-08-04T00:36:51.996000Z,250,DPZ,Z,1D.4721..DPZ,21600001,1,0,
2014,1D,1D.4722,1D.4722,15,2014-07-21,2014-08-04,2014-07-21T21:59:36.000000Z,2014-08-04T00:47:36.996000Z,250,DPZ,Z,1D.4722..DPZ,21600001,1,0,
2014,1D,1D.4723,1D.4723,15,2014-07-21,2014-08-04,2014-07-21T22:02:01.000000Z,2014-08-04T00:54:23.996000Z,250,DPZ,Z,1D.4723..DPZ,21600001,1,0,
2014,1D,1D.4729,1D.4729,5,2014-07-21,2014-07-25,2014-07-21T18:27:07.000000Z,2014-07-25T16:33:12.996000Z,250,DPZ,Z,1D.4729..DPZ,21600001,1,0,
2014,1D,1D.4730,1D.4730,14,2014-07-21,2014-08-03,2014-07-21T18:27:07.000000Z,2014-08-03T19:56:31.996000Z,250,DPZ,Z,1D.4730..DPZ,21600001,1,0,
2014,1D,1D.4731,1D.4731,14,2014-07-21,2014-08-03,2014-07-21T18:39:36.000000Z,2014-08-03T19:51:32.996000Z,250,DPZ,Z,1D.4731..DPZ,21600001,1,0,
2014,1D,1D.4732,1D.4732,15,2014-07-21,2014-08-04,2014-07-21T21:24:06.000000Z,2014-08-04T00:16:28.996000Z,250,DPZ,Z,1D.4732..DPZ,21600001,1,0,
2014,1D,1D.4733,1D.4733,15,2014-07-21,2014-08-04,2014-07-21T21:22:06.000000Z,2014-08-04T00:10:06.996000Z,250,DPZ,Z,1D.4733..DPZ,21600001,1,0,
2014,1D,1D.4734,1D.4734,15,2014-07-21,2014-08-04,2014-07-21T21:09:36.000000Z,2014-08-04T00:01:58.996000Z,250,DPZ,Z,1D.4734..DPZ,21600001,1,0,
2014,1D,1D.4735,1D.4735,14,2014-07-21,2014-08-03,2014-07-21T18:27:07.000000Z,2014-08-03T18:16:05.996000Z,250,DPZ,Z,1D.4735..DPZ,21600001,1,0,
2014,1D,1D.4736,1D.4736,14,2014-07-21,2014-08-03,2014-07-21T18:39:38.000000Z,2014-08-03T18:24:14.996000Z,250,DPZ,Z,1D.4736..DPZ,21600001,1,0,
2014,1D,1D.4737,1D.4737,15,2014-07-21,2014-08-04,2014-07-21T18:40:59.000000Z,2014-08-04T17:29:49.996000Z,250,DPZ,Z,1D.4737..DPZ,21600001,1,0,
2014,1D,1D.4738,1D.4738,14,2014-07-21,2014-08-03,2014-07-21T18:52:07.000000Z,2014-08-03T18:41:05.996000Z,250,DPZ,Z,1D.4738..DPZ,21600001,1,0,
2014,1D,1D.4739,1D.4739,14,2014-07-21,2014-08-03,2014-07-21T19:04:37.000000Z,2014-08-03T18:49:13.996000Z,250,DPZ,Z,1D.4739..DPZ,21600001,1,0,
2014,1D,1D.4740,1D.4740,6,2014-07-21,2014-07-26,2014-07-21T19:29:36.000000Z,2014-07-26T19:19:18.996000Z,250,DPZ,Z,1D.4740..DPZ,21600001,1,0,
2014,1D,1D.4741,1D.4741,14,2014-07-21,2014-08-03,2014-07-21T19:42:06.000000Z,2014-08-03T19:09:14.996000Z,250,DPZ,Z,1D.4741..DPZ,21600001,1,0,
2014,1D,1D.4742,1D.4742,11,2014-07-21,2014-07-31,2014-07-21T19:43:03.000000Z,2014-07-31T17:22:23.996000Z,250,DPZ,Z,1D.4742..DPZ,21600001,1,0,
2014,1D,1D.4743,1D.4743,14,2014-07-21,2014-08-03,2014-07-21T19:54:37.000000Z,2014-08-03T19:34:51.996000Z,250,DPZ,Z,1D.4743..DPZ,21600001,1,0,
2014,1D,1D.4745,1D.4745,13,2014-07-22,2014-08-03,2014-07-22T00:04:38.000000Z,2014-08-03T20:28:22.996000Z,250,DPZ,Z,1D.4745..DPZ,21600001,1,0,
2014,1D,1D.4746,1D.4746,12,2014-07-21,2014-08-01,2014-07-21T23:52:06.000000Z,2014-08-01T23:32:31.996000Z,250,DPZ,Z,1D.4746..DPZ,21600001,1,0,
2014,1D,1D.4747,1D.4747,12,2014-07-21,2014-08-01,2014-07-21T23:52:06.000000Z,2014-08-01T12:23:47.416000Z,250,DPZ,Z,1D.4747..DPZ,21600001,1,0,
2014,1D,1D.4748,1D.4748,12,2014-07-21,2014-08-01,2014-07-21T23:39:38.000000Z,2014-08-01T23:33:09.996000Z,250,DPZ,Z,1D.4748..DPZ,21600001,1,0,
2014,1D,1D.4749,1D.4749,12,2014-07-21,2014-08-01,2014-07-21T23:39:36.000000Z,2014-08-01T23:33:07.996000Z,250,DPZ,Z,1D.4749..DPZ,21600001,1,0,
2014,1D,1D.4750,1D.4750,12,2014-07-21,2014-08-01,2014-07-21T23:27:07.000000Z,2014-08-01T23:29:22.996000Z,250,DPZ,Z,1D.4750..DPZ,21600001,1,0,
2014,1D,1D.4751,1D.4751,12,2014-07-21,2014-08-01,2014-07-21T23:27:04.000000Z,2014-08-01T23:33:41.996000Z,250,DPZ,Z,1D.4751..DPZ,21600001,1,0,
2014,1D,1D.4752,1D.4752,12,2014-07-21,2014-08-01,2014-07-21T23:14:36.000000Z,2014-08-01T23:29:57.996000Z,250,DPZ,Z,1D.4752..DPZ,21600001,1,0,
2014,1D,1D.4753,1D.4753,13,2014-07-20,2014-08-01,2014-07-20T23:54:48.000000Z,2014-08-01T23:27:29.996000Z,250,DPZ,Z,1D.4753..DPZ,21600001,1,0,
2014,1D,1D.4754,1D.4754,12,2014-07-21,2014-08-01,2014-07-21T00:07:06.000000Z,2014-08-01T23:31:03.996000Z,250,DPZ,Z,1D.4754..DPZ,21600001,1,0,
2014,1D,1D.4755,1D.4755,12,2014-07-21,2014-08-01,2014-07-21T00:07:07.000000Z,2014-08-01T23:31:04.996000Z,250,DPZ,Z,1D.4755..DPZ,21600001,1,0,
2014,1D,1D.4756,1D.4756,12,2014-07-21,2014-08-01,2014-07-21T00:07:06.000000Z,2014-08-01T23:35:25.996000Z,250,DPZ,Z,1D.4756..DPZ,21600001,1,0,
2014,1D,1D.4757,1D.4757,12,2014-07-21,2014-08-01,2014-07-21T00:19:36.000000Z,2014-08-01T23:39:11.996000Z,250,DPZ,Z,1D.4757..DPZ,21600001,1,0,
2014,1D,1D.4758,1D.4758,12,2014-07-21,2014-08-01,2014-07-21T00:19:38.000000Z,2014-08-01T23:39:13.996000Z,250,DPZ,Z,1D.4758..DPZ,21600001,1,0,
2014,1D,1D.4759,1D.4759,12,2014-07-21,2014-08-01,2014-07-21T00:19:36.000000Z,2014-08-01T23:52:17.996000Z,250,DPZ,Z,1D.4759..DPZ,21600001,1,0,
2014,1D,1D.4760,1D.4760,12,2014-07-21,2014-08-01,2014-07-21T00:32:06.000000Z,2014-08-01T23:51:41.996000Z,250,DPZ,Z,1D.4760..DPZ,21600001,1,0,
2014,1D,1D.4761,1D.4761,12,2014-07-21,2014-08-01,2014-07-21T00:32:08.000000Z,2014-08-01T23:51:43.996000Z,250,DPZ,Z,1D.4761..DPZ,21600001,1,0,
2014,1D,1D.4762,1D.4762,13,2014-07-20,2014-08-01,2014-07-20T21:26:52.000000Z,2014-08-01T19:54:03.996000Z,250,DPZ,Z,1D.4762..DPZ,21600001,1,0,
2014,1D,1D.4763,1D.4763,7,2014-07-20,2014-07-26,2014-07-20T21:24:41.000000Z,2014-07-26T21:45:57.996000Z,250,DPZ,Z,1D.4763..DPZ,21600001,1,0,
2014,1D,1D.4764,1D.4764,13,2014-07-20,2014-08-01,2014-07-20T21:24:34.000000Z,2014-08-01T19:51:45.996000Z,250,DPZ,Z,1D.4764..DPZ,21600001,1,0,
2014,1D,1D.4765,1D.4765,13,2014-07-20,2014-08-01,2014-07-20T21:24:36.000000Z,2014-08-01T19:47:25.996000Z,250,DPZ,Z,1D.4765..DPZ,21600001,1,0,
2014,1D,1D.4766,1D.4766,13,2014-07-20,2014-08-01,2014-07-20T17:14:37.000000Z,2014-08-01T19:46:20.996000Z,250,DPZ,Z,1D.4766..DPZ,21600001,1,0,
2014,1D,1D.4767,1D.4767,13,2014-07-20,2014-08-01,2014-07-20T17:39:37.000000Z,2014-08-01T19:18:56.996000Z,250,DPZ,Z,1D.4767..DPZ,21600001,1,0,
2014,1D,1D.4768,1D.4768,13,2014-07-20,2014-08-01,2014-07-20T22:14:37.000000Z,2014-08-01T19:18:50.996000Z,250,DPZ,Z,1D.4768..DPZ,21600001,1,0,
2014,1D,1D.4769,1D.4769,13,2014-07-20,2014-08-01,2014-07-20T17:39:37.000000Z,2014-08-01T19:14:34.996000Z,250,DPZ,Z,1D.4769..DPZ,21600001,1,0,
2014,1D,1D.4770,1D.4770,13,2014-07-20,2014-08-01,2014-07-20T17:39:36.000000Z,2014-08-01T19:14:33.996000Z,250,DPZ,Z,1D.4770..DPZ,21600001,1,0,
2014,1D,1D.4771,1D.4771,12,2014-07-20,2014-07-31,2014-07-20T17:52:05.000000Z,2014-07-31T17:23:46.996000Z,250,DPZ,Z,1D.4771..DPZ,21600001,1,0,
2014,1D,1D.4772,1D.4772,13,2014-07-20,2014-08-01,2014-07-20T17:52:07.000000Z,2014-08-01T19:09:36.996000Z,250,DPZ,Z,1D.4772..DPZ,21600001,1,0,
2014,1D,1D.4773,1D.4773,13,2014-07-20,2014-08-01,2014-07-20T17:52:06.000000Z,2014-08-01T19:09:35.996000Z,250,DPZ,Z,1D.4773..DPZ,21600001,1,0,
2014,1D,1D.4774,1D.4774,13,2014-07-20,2014-08-01,2014-07-20T17:52:06.000000Z,2014-08-01T19:05:13.996000Z,250,DPZ,Z,1D.4774..DPZ,21600001,1,0,
2014,1D,1D.4775,1D.4775,13,2014-07-20,2014-08-01,2014-07-20T17:52:08.000000Z,2014-08-01T19:05:15.996000Z,250,DPZ,Z,1D.4775..DPZ,21600001,1,0,
2014,1D,1D.4776,1D.4776,13,2014-07-20,2014-08-01,2014-07-20T17:56:14.000000Z,2014-08-01T19:00:37.996000Z,250,DPZ,Z,1D.4776..DPZ,21600001,1,0,
2014,1D,1D.4777,1D.4777,13,2014-07-20,2014-08-01,2014-07-20T18:04:38.000000Z,2014-08-01T19:00:17.996000Z,250,DPZ,Z,1D.4777..DPZ,21600001,1,0,
2014,1D,1D.4778,1D.4778,13,2014-07-20,2014-08-01,2014-07-20T18:04:35.000000Z,2014-08-01T18:55:52.996000Z,250,DPZ,Z,1D.4778..DPZ,21600001,1,0,
2014,1D,1D.4779,1D.4779,13,2014-07-20,2014-08-01,2014-07-20T18:04:38.000000Z,2014-08-01T18:55:55.996000Z,250,DPZ,Z,1D.4779..DPZ,21600001,1,0,
2014,1D,1D.4780,1D.4780,13,2014-07-20,2014-08-01,2014-07-20T18:04:37.000000Z,2014-08-01T18:55:54.996000Z,250,DPZ,Z,1D.4780..DPZ,21600001,1,0,
2014,1D,1D.4781,1D.4781,13,2014-07-20,2014-08-01,2014-07-20T18:07:44.000000Z,2014-08-01T18:50:17.996000Z,250,DPZ,Z,1D.4781..DPZ,21600001,1,0,
2014,1D,1D.4782,1D.4782,13,2014-07-20,2014-08-01,2014-07-20T18:17:06.000000Z,2014-08-01T18:50:55.996000Z,250,DPZ,Z,1D.4782..DPZ,21600001,1,0,
2014,1D,1D.4783,1D.4783,13,2014-07-20,2014-08-01,2014-07-20T18:17:06.000000Z,2014-08-01T18:46:33.996000Z,250,DPZ,Z,1D.4783..DPZ,21600001,1,0,
2014,1D,1D.4784,1D.4784,13,2014-07-20,2014-08-01,2014-07-20T18:17:05.000000Z,2014-08-01T18:42:10.996000Z,250,DPZ,Z,1D.4784..DPZ,21600001,1,0,
2014,1D,1D.4785,1D.4785,11,2014-07-20,2014-07-30,2014-07-20T18:18:58.000000Z,2014-07-30T11:14:28.996000Z,250,DPZ,Z,1D.4785..DPZ,21600001,1,0,
2014,1D,1D.4786,1D.4786,13,2014-07-20,2014-08-01,2014-07-20T18:29:37.000000Z,2014-08-01T18:37:14.996000Z,250,DPZ,Z,1D.4786..DPZ,21600001,1,0,
2014,1D,1D.4787,1D.4787,13,2014-07-20,2014-08-01,2014-07-20T18:29:36.000000Z,2014-08-01T18:37:13.996000Z,250,DPZ,Z,1D.4787..DPZ,21600001,1,0,
2014,1D,1D.4788,1D.4788,13,2014-07-20,2014-08-01,2014-07-20T18:29:38.000000Z,2014-08-01T16:48:05.996000Z,250,DPZ,Z,1D.4788..DPZ,21600001,1,0,
2014,1D,1D.4789,1D.4789,13,2014-07-20,2014-08-01,2014-07-20T18:29:36.000000Z,2014-08-01T18:28:29.996000Z,250,DPZ,Z,1D.4789..DPZ,21600001,1,0,
2014,1D,1D.4790,1D.4790,13,2014-07-20,2014-08-01,2014-07-20T18:29:37.000000Z,2014-08-01T18:28:30.996000Z,250,DPZ,Z,1D.4790..DPZ,21600001,1,0,
2014,1D,1D.4791,1D.4791,13,2014-07-20,2014-08-01,2014-07-20T18:31:52.000000Z,2014-08-01T17:47:05.996000Z,250,DPZ,Z,1D.4791..DPZ,21600001,1,0,
2014,1D,1D.4792,1D.4792,13,2014-07-20,2014-08-01,2014-07-20T20:29:07.000000Z,2014-08-01T18:08:16.996000Z,250,DPZ,Z,1D.4792..DPZ,21600001,1,0,
2014,1D,1D.4793,1D.4793,13,2014-07-20,2014-08-01,2014-07-20T20:34:36.000000Z,2014-08-01T18:13:45.996000Z,250,DPZ,Z,1D.4793..DPZ,21600001,1,0,
2014,1D,1D.4794,1D.4794,13,2014-07-20,2014-08-01,2014-07-20T20:34:38.000000Z,2014-08-01T18:13:47.996000Z,250,DPZ,Z,1D.4794..DPZ,21600001,1,0,
2014,1D,1D.4795,1D.4795,13,2014-07-20,2014-08-01,2014-07-20T20:37:04.000000Z,2014-08-01T18:16:13.996000Z,250,DPZ,Z,1D.4795..DPZ,21600001,1,0,
2014,1D,1D.4796,1D.4796,13,2014-07-20,2014-08-01,2014-07-20T19:57:07.000000Z,2014-08-01T17:53:44.996000Z,250,DPZ,Z,1D.4796..DPZ,21600001,1,0,
2014,1D,1D.4797,1D.4797,13,2014-07-20,2014-08-01,2014-07-20T18:42:06.000000Z,2014-08-01T17:48:35.996000Z,250,DPZ,Z,1D.4797..DPZ,21600001,1,0,
2014,1D,1D.4798,1D.4798,13,2014-07-20,2014-08-01,2014-07-20T18:46:03.000000Z,2014-08-01T17:48:10.996000Z,250,DPZ,Z,1D.4798..DPZ,21600001,1,0,
2014,1D,1D.4799,1D.4799,13,2014-07-20,2014-08-01,2014-07-20T18:42:05.000000Z,2014-08-01T17:44:12.996000Z,250,DPZ,Z,1D.4799..DPZ,21600001,1,0,
2014,1D,1D.4800,1D.4800,13,2014-07-20,2014-08-01,2014-07-20T20:07:08.000000Z,2014-08-01T17:55:01.996000Z,250,DPZ,Z,1D.4800..DPZ,21600001,1,0,
2014,1D,1D.4801,1D.4801,13,2014-07-20,2014-08-01,2014-07-20T20:09:37.000000Z,2014-08-01T17:57:30.996000Z,250,DPZ,Z,1D.4801..DPZ,21600001,1,0,
2014,1D,1D.4802,1D.4802,13,2014-07-20,2014-08-01,2014-07-20T20:09:37.000000Z,2014-08-01T17:57:30.996000Z,250,DPZ,Z,1D.4802..DPZ,21600001,1,0,
2014,1D,1D.4803,1D.4803,13,2014-07-20,2014-08-01,2014-07-20T20:09:36.000000Z,2014-08-01T17:57:29.996000Z,250,DPZ,Z,1D.4803..DPZ,21600001,1,0,
2014,1D,1D.4804,1D.4804,13,2014-07-20,2014-08-01,2014-07-20T18:42:07.000000Z,2014-08-01T17:44:14.996000Z,250,DPZ,Z,1D.4804..DPZ,21600001,1,0,
2014,1D,1D.4805,1D.4805,13,2014-07-20,2014-08-01,2014-07-20T18:42:05.000000Z,2014-08-01T17:39:50.996000Z,250,DPZ,Z,1D.4805..DPZ,21600001,1,0,
2014,1D,1D.4806,1D.4806,8,2014-07-20,2014-07-27,2014-07-20T20:12:46.000000Z,2014-07-27T01:37:31.996000Z,250,DPZ,Z,1D.4806..DPZ,21600001,1,0,
2014,1D,1D.4807,1D.4807,13,2014-07-20,2014-08-01,2014-07-20T18:43:30.000000Z,2014-08-01T17:36:53.996000Z,250,DPZ,Z,1D.4807..DPZ,21600001,1,0,
2014,1D,1D.4808,1D.4808,13,2014-07-20,2014-08-01,2014-07-20T18:54:37.000000Z,2014-08-01T17:34:54.996000Z,250,DPZ,Z,1D.4808..DPZ,21600001,1,0,
2014,1D,1D.4809,1D.4809,13,2014-07-20,2014-08-01,2014-07-20T18:54:37.000000Z,2014-08-01T17:34:54.996000Z,250,DPZ,Z,1D.4809..DPZ,21600001,1,0,
2014,1D,1D.4810,1D.4810,13,2014-07-20,2014-08-01,2014-07-20T18:54:36.000000Z,2014-08-01T17:30:31.996000Z,250,DPZ,Z,1D.4810..DPZ,21600001,1,0,
2014,1D,1D.4811,1D.4811,13,2014-07-20,2014-08-01,2014-07-20T20:56:30.000000Z,2014-08-01T17:30:09.996000Z,250,DPZ,Z,1D.4811..DPZ,21600001,1,0,
2014,1D,1D.4812,1D.4812,13,2014-07-20,2014-08-01,2014-07-20T19:07:06.000000Z,2014-08-01T17:25:33.996000Z,250,DPZ,Z,1D.4812..DPZ,21600001,1,0,
2014,1D,1D.4813,1D.4813,13,2014-07-20,2014-08-01,2014-07-20T19:07:35.000000Z,2014-08-01T17:21:40.996000Z,250,DPZ,Z,1D.4813..DPZ,21600001,1,0,
2014,1D,1D.4814,1D.4814,13,2014-07-20,2014-08-01,2014-07-20T19:19:37.000000Z,2014-08-01T17:20:36.996000Z,250,DPZ,Z,1D.4814..DPZ,21600001,1,0,
2014,1D,1D.4815,1D.4815,13,2014-07-20,2014-08-01,2014-07-20T19:19:35.000000Z,2014-08-01T17:16:12.996000Z,250,DPZ,Z,1D.4815..DPZ,21600001,1,0,
2014,1D,1D.4816,1D.4816,13,2014-07-20,2014-08-01,2014-07-20T19:19:57.000000Z,2014-08-01T17:12:12.996000Z,250,DPZ,Z,1D.4816..DPZ,21600001,1,0,
2014,1D,1D.4817,1D.4817,13,2014-07-20,2014-08-01,2014-07-20T19:20:05.000000Z,2014-08-01T17:07:58.996000Z,250,DPZ,Z,1D.4817..DPZ,21600001,1,0,
2014,1D,1D.4820,1D.4820,11,2014-07-23,2014-08-02,2014-07-23T01:17:05.000000Z,2014-08-02T22:02:50.996000Z,250,DPZ,Z,1D.4820..DPZ,21600001,1,0,
2014,1D,1D.4821,1D.4821,11,2014-07-23,2014-08-02,2014-07-23T01:29:37.000000Z,2014-08-02T21:57:54.996000Z,250,DPZ,Z,1D.4821..DPZ,21600001,1,0,
2014,1D,1D.4832,1D.4832,11,2014-07-23,2014-08-02,2014-07-23T00:14:36.000000Z,2014-08-02T17:30:45.996000Z,250,DPZ,Z,1D.4832..DPZ,21600001,1,0,
2014,1D,1D.4833,1D.4833,12,2014-07-22,2014-08-02,2014-07-22T23:49:35.000000Z,2014-08-02T17:23:12.996000Z,250,DPZ,Z,1D.4833..DPZ,21600001,1,0,
2014,1D,1D.4834,1D.4834,12,2014-07-22,2014-08-02,2014-07-22T23:37:05.000000Z,2014-08-02T17:19:26.996000Z,250,DPZ,Z,1D.4834..DPZ,21600001,1,0,
2014,1D,1D.4835,1D.4835,12,2014-07-22,2014-08-02,2014-07-22T23:29:44.000000Z,2014-08-02T17:16:27.996000Z,250,DPZ,Z,1D.4835..DPZ,21600001,1,0,
2014,1D,1D.4836,1D.4836,12,2014-07-22,2014-08-02,2014-07-22T23:00:37.000000Z,2014-08-02T17:13:32.996000Z,250,DPZ,Z,1D.4836..DPZ,21600001,1,0,
2014,1D,1D.4837,1D.4837,12,2014-07-22,2014-08-02,2014-07-22T22:59:36.000000Z,2014-08-02T17:03:47.996000Z,250,DPZ,Z,1D.4837..DPZ,21600001,1,0,
2014,1D,1D.4838,1D.4838,12,2014-07-22,2014-08-02,2014-07-22T22:54:02.000000Z,2014-08-02T16:49:29.996000Z,250,DPZ,Z,1D.4838..DPZ,21600001,1,0,
2014,1D,1D.4839,1D.4839,12,2014-07-22,2014-08-02,2014-07-22T22:47:05.000000Z,2014-08-02T16:42:32.996000Z,250,DPZ,Z,1D.4839..DPZ,21600001,1,0,
2014,1D,1D.4840,1D.4840,12,2014-07-22,2014-08-02,2014-07-22T22:38:30.000000Z,2014-08-02T16:42:41.996000Z,250,DPZ,Z,1D.4840..DPZ,21600001,1,0,
2014,1D,1D.4847,1D.4847,11,2014-07-23,2014-08-02,2014-07-23T01:29:36.000000Z,2014-08-02T21:57:53.996000Z,250,DPZ,Z,1D.4847..DPZ,21600001,1,0,
2014,1D,1D.4848,1D.4848,15,2014-07-19,2014-08-02,2014-07-19T22:24:37.000000Z,2014-08-02T22:23:19.996000Z,250,DPZ,Z,1D.4848..DPZ,21600001,1,0,
2014,1D,1D.4849,1D.4849,14,2014-07-19,2014-08-01,2014-07-19T21:59:37.000000Z,2014-08-01T21:35:29.996000Z,250,DPZ,Z,1D.4849..DPZ,21600001,1,0,
2014,1D,1D.4850,1D.4850,15,2014-07-19,2014-08-02,2014-07-19T21:48:19.000000Z,2014-08-02T22:56:53.996000Z,250,DPZ,Z,1D.4850..DPZ,21600001,1,0,
2014,1D,1D.4851,1D.4851,15,2014-07-19,2014-08-02,2014-07-19T21:34:37.000000Z,2014-08-02T23:09:23.996000Z,250,DPZ,Z,1D.4851..DPZ,21600001,1,0,
2014,1D,1D.4853,1D.4853,15,2014-07-19,2014-08-02,2014-07-19T21:22:28.000000Z,2014-08-02T23:14:42.996000Z,250,DPZ,Z,1D.4853..DPZ,21600001,1,0,
2014,1D,1D.4854,1D.4854,16,2014-07-19,2014-08-03,2014-07-19T17:24:36.000000Z,2014-08-03T01:56:23.996000Z,250,DPZ,Z,1D.4854..DPZ,21600001,1,0,
2014,1D,1D.4855,1D.4855,15,2014-07-19,2014-08-02,2014-07-19T17:49:36.000000Z,2014-08-02T10:18:32.996000Z,250,DPZ,Z,1D.4855..DPZ,21600001,1,0,
2014,1D,1D.4856,1D.4856,16,2014-07-19,2014-08-03,2014-07-19T17:59:21.000000Z,2014-08-03T01:30:00.996000Z,250,DPZ,Z,1D.4856..DPZ,21600001,1,0,
2014,1D,1D.4857,1D.4857,16,2014-07-19,2014-08-03,2014-07-19T18:28:02.000000Z,2014-08-03T01:15:01.996000Z,250,DPZ,Z,1D.4857..DPZ,21600001,1,0,
2014,1D,1D.4858,1D.4858,16,2014-07-19,2014-08-03,2014-07-19T18:52:06.000000Z,2014-08-03T01:04:09.996000Z,250,DPZ,Z,1D.4858..DPZ,21600001,1,0,
2014,1D,1D.4859,1D.4859,16,2014-07-19,2014-08-03,2014-07-19T19:19:19.000000Z,2014-08-03T00:56:26.996000Z,250,DPZ,Z,1D.4859..DPZ,21600001,1,0,
2014,1D,1D.4860,1D.4860,16,2014-07-19,2014-08-03,2014-07-19T19:54:38.000000Z,2014-08-03T00:39:21.996000Z,250,DPZ,Z,1D.4860..DPZ,21600001,1,0,
2014,1D,1D.4861,1D.4861,15,2014-07-19,2014-08-02,2014-07-19T20:07:06.000000Z,2014-08-02T08:35:52.996000Z,250,DPZ,Z,1D.4861..DPZ,21600001,1,0,
2014,1D,1D.4862,1D.4862,14,2014-07-21,2014-08-03,2014-07-21T19:54:36.000000Z,2014-08-03T18:46:48.996000Z,250,DPZ,Z,1D.4862..DPZ,21600001,1,0,
2014,1D,1D.4863,1D.4863,14,2014-07-21,2014-08-03,2014-07-21T19:42:06.000000Z,2014-08-03T18:56:08.996000Z,250,DPZ,Z,1D.4863..DPZ,21600001,1,0,
2014,1D,1D.4864,1D.4864,14,2014-07-21,2014-08-03,2014-07-21T19:29:38.000000Z,2014-08-03T19:05:30.996000Z,250,DPZ,Z,1D.4864..DPZ,21600001,1,0,
2014,1D,1D.4865,1D.4865,14,2014-07-21,2014-08-03,2014-07-21T20:07:08.000000Z,2014-08-03T21:32:10.996000Z,250,DPZ,Z,1D.4865..DPZ,21600001,1,0,
2014,1D,1D.4866,1D.4866,14,2014-07-21,2014-08-03,2014-07-21T20:20:04.000000Z,2014-08-03T21:23:16.996000Z,250,DPZ,Z,1D.4866..DPZ,21600001,1,0,
2014,1D,1D.4867,1D.4867,12,2014-07-21,2014-08-01,2014-07-21T20:32:07.000000Z,2014-08-01T02:18:20.996000Z,250,DPZ,Z,1D.4867..DPZ,21600001,1,0,
2014,1D,1D.4869,1D.4869,14,2014-07-21,2014-08-03,2014-07-21T21:44:31.000000Z,2014-08-03T20:41:05.996000Z,250,DPZ,Z,1D.4869..DPZ,21600001,1,0,
2014,1D,1D.4870,1D.4870,14,2014-07-21,2014-08-03,2014-07-21T21:50:01.000000Z,2014-08-03T20:33:29.996000Z,250,DPZ,Z,1D.4870..DPZ,21600001,1,0,
2014,1D,1D.4871,1D.4871,14,2014-07-21,2014-08-03,2014-07-21T21:22:07.000000Z,2014-08-03T20:27:25.996000Z,250,DPZ,Z,1D.4871..DPZ,21600001,1,0,
2014,1D,1D.4872,1D.4872,14,2014-07-21,2014-08-03,2014-07-21T21:34:38.000000Z,2014-08-03T20:18:06.996000Z,250,DPZ,Z,1D.4872..DPZ,21600001,1,0,
2014,1D,1D.4873,1D.4873,14,2014-07-21,2014-08-03,2014-07-21T19:17:07.000000Z,2014-08-03T21:56:23.996000Z,250,DPZ,Z,1D.4873..DPZ,21600001,1,0,
2014,1D,1D.4874,1D.4874,14,2014-07-21,2014-08-03,2014-07-21T19:06:53.000000Z,2014-08-03T22:03:37.996000Z,250,DPZ,Z,1D.4874..DPZ,21600001,1,0,
2014,1D,1D.4875,1D.4875,14,2014-07-21,2014-08-03,2014-07-21T19:04:38.000000Z,2014-08-03T22:14:28.996000Z,250,DPZ,Z,1D.4875..DPZ,21600001,1,0,
2014,1D,1D.4876,1D.4876,14,2014-07-21,2014-08-03,2014-07-21T18:52:06.000000Z,2014-08-03T22:32:30.996000Z,250,DPZ,Z,1D.4876..DPZ,21600001,1,0,
2014,1D,1D.4881,1D.4881,14,2014-07-21,2014-08-03,2014-07-21T23:27:08.000000Z,2014-08-03T23:07:22.996000Z,250,DPZ,Z,1D.4881..DPZ,21600001,1,0,
2014,1D,1D.4882,1D.4882,14,2014-07-21,2014-08-03,2014-07-21T23:28:52.000000Z,2014-08-03T23:09:06.996000Z,250,DPZ,Z,1D.4882..DPZ,21600001,1,0,
2014,1D,1D.4883,1D.4883,14,2014-07-21,2014-08-03,2014-07-21T23:39:43.000000Z,2014-08-03T23:11:13.996000Z,250,DPZ,Z,1D.4883..DPZ,21600001,1,0,
2014,1D,1D.4884,1D.4884,14,2014-07-21,2014-08-03,2014-07-21T17:37:05.000000Z,2014-08-03T21:48:03.996000Z,250,DPZ,Z,1D.4884..DPZ,21600001,1,0,
2014,1D,1D.4885,1D.4885,14,2014-07-21,2014-08-03,2014-07-21T17:37:07.000000Z,2014-08-03T23:24:09.996000Z,250,DPZ,Z,1D.4885..DPZ,21600001,1,0,
2014,1D,1D.4886,1D.4886,14,2014-07-21,2014-08-03,2014-07-21T17:37:07.000000Z,2014-08-03T23:28:31.996000Z,250,DPZ,Z,1D.4886..DPZ,21600001,1,0,
2014,1D,1D.4887,1D.4887,14,2014-07-21,2014-08-03,2014-07-21T17:25:58.000000Z,2014-08-03T23:30:28.996000Z,250,DPZ,Z,1D.4887..DPZ,21600001,1,0,
2014,1D,1D.4888,1D.4888,14,2014-07-21,2014-08-03,2014-07-21T17:24:36.000000Z,2014-08-03T23:37:50.996000Z,250,DPZ,Z,1D.4888..DPZ,21600001,1,0,
2014,1D,1D.4889,1D.4889,14,2014-07-21,2014-08-03,2014-07-21T17:24:37.000000Z,2014-08-03T15:20:03.996000Z,250,DPZ,Z,1D.4889..DPZ,21600001,1,0,
2014,1D,1D.4890,1D.4890,14,2014-07-21,2014-08-03,2014-07-21T17:13:00.000000Z,2014-08-03T23:43:42.996000Z,250,DPZ,Z,1D.4890..DPZ,21600001,1,0,
2014,1D,1D.4891,1D.4891,14,2014-07-21,2014-08-03,2014-07-21T17:12:04.000000Z,2014-08-03T23:47:08.996000Z,250,DPZ,Z,1D.4891..DPZ,21600001,1,0,
2014,1D,1D.4892,1D.4892,14,2014-07-21,2014-08-03,2014-07-21T17:12:08.000000Z,2014-08-03T23:51:34.996000Z,250,DPZ,Z,1D.4892..DPZ,21600001,1,0,
2014,1D,1D.4893,1D.4893,14,2014-07-21,2014-08-03,2014-07-21T17:00:49.000000Z,2014-08-03T23:53:21.996000Z,250,DPZ,Z,1D.4893..DPZ,21600001,1,0,
2014,1D,1D.4894,1D.4894,15,2014-07-21,2014-08-04,2014-07-21T16:59:50.000000Z,2014-08-04T00:01:06.996000Z,250,DPZ,Z,1D.4894..DPZ,21600001,1,0,
2014,1D,1D.4895,1D.4895,15,2014-07-21,2014-08-04,2014-07-21T16:59:37.000000Z,2014-08-04T00:05:15.996000Z,250,DPZ,Z,1D.4895..DPZ,21600001,1,0,
2014,1D,1D.4896,1D.4896,15,2014-07-21,2014-08-04,2014-07-21T16:59:37.000000Z,2014-08-04T00:05:15.996000Z,250,DPZ,Z,1D.4896..DPZ,21600001,1,0,
2014,1D,1D.4897,1D.4897,15,2014-07-21,2014-08-04,2014-07-21T16:47:07.000000Z,2014-08-04T00:10:13.996000Z,250,DPZ,Z,1D.4897..DPZ,21600001,1,0,
2014,1D,1D.4898,1D.4898,15,2014-07-21,2014-08-04,2014-07-21T16:53:46.000000Z,2014-08-04T00:16:52.996000Z,250,DPZ,Z,1D.4898..DPZ,21600001,1,0,
2014,1D,1D.4899,1D.4899,15,2014-07-21,2014-08-04,2014-07-21T16:47:07.000000Z,2014-08-04T00:18:57.996000Z,250,DPZ,Z,1D.4899..DPZ,21600001,1,0,
2014,1D,1D.4900,1D.4900,15,2014-07-21,2014-08-04,2014-07-21T16:34:36.000000Z,2014-08-04T00:19:32.996000Z,250,DPZ,Z,1D.4900..DPZ,21600001,1,0,
2014,1D,1D.4901,1D.4901,15,2014-07-21,2014-08-04,2014-07-21T16:34:37.000000Z,2014-08-04T00:23:55.996000Z,250,DPZ,Z,1D.4901..DPZ,21600001,1,0,
2014,1D,1D.4902,1D.4902,15,2014-07-20,2014-08-03,2014-07-20T17:39:49.000000Z,2014-08-03T23:16:56.996000Z,250,DPZ,Z,1D.4902..DPZ,21600001,1,0,
2014,1D,1D.4903,1D.4903,16,2014-07-20,2014-08-04,2014-07-20T17:39:37.000000Z,2014-08-04T00:26:36.996000Z,250,DPZ,Z,1D.4903..DPZ,21600001,1,0,
2014,1D,1D.4904,1D.4904,15,2014-07-20,2014-08-03,2014-07-20T17:27:07.000000Z,2014-08-03T08:24:21.996000Z,250,DPZ,Z,1D.4904..DPZ,21600001,1,0,
2014,1D,1D.4905,1D.4905,15,2014-07-21,2014-08-04,2014-07-21T16:34:38.000000Z,2014-08-04T00:23:56.996000Z,250,DPZ,Z,1D.4905..DPZ,21600001,1,0,
2014,1D,1D.4906,1D.4906,15,2014-07-21,2014-08-04,2014-07-21T16:35:00.000000Z,2014-08-04T00:19:56.996000Z,250,DPZ,Z,1D.4906..DPZ,21600001,1,0,
2014,1D,1D.4907,1D.4907,15,2014-07-21,2014-08-04,2014-07-21T16:47:06.000000Z,2014-08-04T00:14:34.996000Z,250,DPZ,Z,1D.4907..DPZ,21600001,1,0,
2014,1D,1D.4908,1D.4908,15,2014-07-21,2014-08-04,2014-07-21T16:47:07.000000Z,2014-08-04T00:14:35.996000Z,250,DPZ,Z,1D.4908..DPZ,21600001,1,0,
2014,1D,1D.4909,1D.4909,15,2014-07-21,2014-08-04,2014-07-21T16:48:25.000000Z,2014-08-04T00:07:09.996000Z,250,DPZ,Z,1D.4909..DPZ,21600001,1,0,
2014,1D,1D.4910,1D.4910,15,2014-07-21,2014-08-04,2014-07-21T16:59:36.000000Z,2014-08-04T00:05:14.996000Z,250,DPZ,Z,1D.4910..DPZ,21600001,1,0,
2014,1D,1D.4911,1D.4911,15,2014-07-21,2014-08-04,2014-07-21T16:59:37.000000Z,2014-08-04T00:00:53.996000Z,250,DPZ,Z,1D.4911..DPZ,21600001,1,0,
2014,1D,1D.4912,1D.4912,14,2014-07-21,2014-08-03,2014-07-21T16:59:37.000000Z,2014-08-03T21:32:25.996000Z,250,DPZ,Z,1D.4912..DPZ,21600001,1,0,
2014,1D,1D.4913,1D.4913,14,2014-07-21,2014-08-03,2014-07-21T17:12:05.000000Z,2014-08-03T23:51:31.996000Z,250,DPZ,Z,1D.4913..DPZ,21600001,1,0,
2014,1D,1D.4914,1D.4914,14,2014-07-21,2014-08-03,2014-07-21T17:29:00.000000Z,2014-08-03T23:46:36.996000Z,250,DPZ,Z,1D.4914..DPZ,21600001,1,0,
2014,1D,1D.4915,1D.4915,13,2014-07-22,2014-08-03,2014-07-22T18:01:19.000000Z,2014-08-03T21:53:49.996000Z,250,DPZ,Z,1D.4915..DPZ,21600001,1,0,
2014,1D,1D.4916,1D.4916,13,2014-07-22,2014-08-03,2014-07-22T17:47:23.000000Z,2014-08-03T22:06:05.996000Z,250,DPZ,Z,1D.4916..DPZ,21600001,1,0,
2014,1D,1D.4917,1D.4917,13,2014-07-22,2014-08-03,2014-07-22T17:59:37.000000Z,2014-08-03T21:56:29.996000Z,250,DPZ,Z,1D.4917..DPZ,21600001,1,0,
2014,1D,1D.4918,1D.4918,13,2014-07-22,2014-08-03,2014-07-22T17:34:36.000000Z,2014-08-03T22:19:30.996000Z,250,DPZ,Z,1D.4918..DPZ,21600001,1,0,
2014,1D,1D.4919,1D.4919,13,2014-07-22,2014-08-03,2014-07-22T17:34:35.000000Z,2014-08-03T22:28:13.996000Z,250,DPZ,Z,1D.4919..DPZ,21600001,1,0,
2014,1D,1D.4920,1D.4920,10,2014-07-22,2014-07-31,2014-07-22T17:22:07.000000Z,2014-07-31T17:59:29.996000Z,250,DPZ,Z,1D.4920..DPZ,21600001,1,0,
2014,1D,1D.4921,1D.4921,13,2014-07-22,2014-08-03,2014-07-22T17:22:08.000000Z,2014-08-03T22:37:36.996000Z,250,DPZ,Z,1D.4921..DPZ,21600001,1,0,
2014,1D,1D.4922,1D.4922,13,2014-07-22,2014-08-03,2014-07-22T17:10:36.000000Z,2014-08-03T22:52:16.996000Z,250,DPZ,Z,1D.4922..DPZ,21600001,1,0,
2014,1D,1D.4923,1D.4923,13,2014-07-22,2014-08-03,2014-07-22T17:09:37.000000Z,2014-08-03T22:55:39.996000Z,250,DPZ,Z,1D.4923..DPZ,21600001,1,0,
2014,1D,1D.4924,1D.4924,13,2014-07-22,2014-08-03,2014-07-22T17:09:37.000000Z,2014-08-03T23:08:45.996000Z,250,DPZ,Z,1D.4924..DPZ,21600001,1,0,
2014,1D,1D.4925,1D.4925,13,2014-07-22,2014-08-03,2014-07-22T17:09:36.000000Z,2014-08-03T23:13:06.996000Z,250,DPZ,Z,1D.4925..DPZ,21600001,1,0,
2014,1D,1D.4926,1D.4926,13,2014-07-20,2014-08-01,2014-07-20T16:38:14.000000Z,2014-08-01T16:28:23.996000Z,250,DPZ,Z,1D.4926..DPZ,21600001,1,0,
2014,1D,1D.4927,1D.4927,13,2014-07-20,2014-08-01,2014-07-20T16:49:37.000000Z,2014-08-01T16:31:02.996000Z,250,DPZ,Z,1D.4927..DPZ,21600001,1,0,
2014,1D,1D.4928,1D.4928,13,2014-07-20,2014-08-01,2014-07-20T21:25:11.000000Z,2014-08-01T16:44:36.996000Z,250,DPZ,Z,1D.4928..DPZ,21600001,1,0,
2014,1D,1D.4929,1D.4929,13,2014-07-20,2014-08-01,2014-07-20T21:37:05.000000Z,2014-08-01T17:00:52.996000Z,250,DPZ,Z,1D.4929..DPZ,21600001,1,0,
2014,1D,1D.4930,1D.4930,13,2014-07-20,2014-08-01,2014-07-20T21:37:06.000000Z,2014-08-01T17:05:15.996000Z,250,DPZ,Z,1D.4930..DPZ,21600001,1,0,
2014,1D,1D.4931,1D.4931,13,2014-07-20,2014-08-01,2014-07-20T22:02:05.000000Z,2014-08-01T17:12:46.996000Z,250,DPZ,Z,1D.4931..DPZ,21600001,1,0,
2014,1D,1D.4932,1D.4932,13,2014-07-20,2014-08-01,2014-07-20T22:14:38.000000Z,2014-08-01T17:16:35.996000Z,250,DPZ,Z,1D.4932..DPZ,21600001,1,0,
2014,1D,1D.4933,1D.4933,13,2014-07-20,2014-08-01,2014-07-20T22:15:00.000000Z,2014-08-01T17:25:41.996000Z,250,DPZ,Z,1D.4933..DPZ,21600001,1,0,
2014,1D,1D.4934,1D.4934,13,2014-07-20,2014-08-01,2014-07-20T22:27:07.000000Z,2014-08-01T17:29:04.996000Z,250,DPZ,Z,1D.4934..DPZ,21600001,1,0,
2014,1D,1D.4935,1D.4935,13,2014-07-20,2014-08-01,2014-07-20T22:39:35.000000Z,2014-08-01T17:41:32.996000Z,250,DPZ,Z,1D.4935..DPZ,21600001,1,0,
2014,1D,1D.4936,1D.4936,13,2014-07-20,2014-08-01,2014-07-20T22:52:06.000000Z,2014-08-01T17:49:41.996000Z,250,DPZ,Z,1D.4936..DPZ,21600001,1,0,
2014,1D,1D.4937,1D.4937,13,2014-07-20,2014-08-01,2014-07-20T22:52:06.000000Z,2014-08-01T17:54:03.996000Z,250,DPZ,Z,1D.4937..DPZ,21600001,1,0,
2014,1D,1D.4938,1D.4938,13,2014-07-20,2014-08-01,2014-07-20T23:54:35.000000Z,2014-08-01T18:39:04.996000Z,250,DPZ,Z,1D.4938..DPZ,21600001,1,0,
2014,1D,1D.4939,1D.4939,12,2014-07-21,2014-08-01,2014-07-21T00:07:05.000000Z,2014-08-01T18:42:50.996000Z,250,DPZ,Z,1D.4939..DPZ,21600001,1,0,
2014,1D,1D.4940,1D.4940,14,2014-07-21,2014-08-03,2014-07-21T00:07:06.000000Z,2014-08-03T18:51:24.996000Z,250,DPZ,Z,1D.4940..DPZ,21600001,1,0,
2014,1D,1D.4941,1D.4941,15,2014-07-21,2014-08-04,2014-07-21T00:19:37.000000Z,2014-08-04T21:00:38.996000Z,250,DPZ,Z,1D.4941..DPZ,21600001,1,0,
2014,1D,1D.4942,1D.4942,13,2014-07-20,2014-08-01,2014-07-20T23:04:36.000000Z,2014-08-01T18:19:39.996000Z,250,DPZ,Z,1D.4942..DPZ,21600001,1,0,
2014,1D,1D.4943,1D.4943,17,2014-07-20,2014-08-05,2014-07-20T23:05:47.000000Z,2014-08-05T07:16:44.996000Z,250,DPZ,Z,1D.4943..DPZ,21600001,1,0,
2014,1D,1D.4944,1D.4944,13,2014-07-20,2014-08-01,2014-07-20T23:17:06.000000Z,2014-08-01T18:14:41.996000Z,250,DPZ,Z,1D.4944..DPZ,21600001,1,0,
2014,1D,1D.4945,1D.4945,15,2014-07-20,2014-08-03,2014-07-20T23:21:48.000000Z,2014-08-03T09:35:12.996000Z,250,DPZ,Z,1D.4945..DPZ,21600001,1,0,
2014,1D,1D.4946,1D.4946,13,2014-07-20,2014-08-01,2014-07-20T18:42:07.000000Z,2014-08-01T17:52:58.996000Z,250,DPZ,Z,1D.4946..DPZ,21600001,1,0,
2014,1D,1D.4947,1D.4947,13,2014-07-20,2014-08-01,2014-07-20T18:29:38.000000Z,2014-08-01T18:59:05.996000Z,250,DPZ,Z,1D.4947..DPZ,21600001,1,0,
2014,1D,1D.4948,1D.4948,13,2014-07-20,2014-08-01,2014-07-20T18:18:22.000000Z,2014-08-01T17:42:19.996000Z,250,DPZ,Z,1D.4948..DPZ,21600001,1,0,
2014,1D,1D.4949,1D.4949,13,2014-07-20,2014-08-01,2014-07-20T18:17:07.000000Z,2014-08-01T18:59:40.996000Z,250,DPZ,Z,1D.4949..DPZ,21600001,1,0,
2014,1D,1D.4950,1D.4950,13,2014-07-20,2014-08-01,2014-07-20T18:18:45.000000Z,2014-08-01T17:29:36.996000Z,250,DPZ,Z,1D.4950..DPZ,21600001,1,0,
2014,1D,1D.4951,1D.4951,13,2014-07-20,2014-08-01,2014-07-20T17:52:06.000000Z,2014-08-01T17:24:47.996000Z,250,DPZ,Z,1D.4951..DPZ,21600001,1,0,
2014,1D,1D.4952,1D.4952,13,2014-07-20,2014-08-01,2014-07-20T17:52:08.000000Z,2014-08-01T17:20:27.996000Z,250,DPZ,Z,1D.4952..DPZ,21600001,1,0,
2014,1D,1D.4953,1D.4953,15,2014-07-20,2014-08-03,2014-07-20T17:39:37.000000Z,2014-08-03T18:13:15.996000Z,250,DPZ,Z,1D.4953..DPZ,21600001,1,0,
2014,1D,1D.4954,1D.4954,13,2014-07-20,2014-08-01,2014-07-20T17:27:07.000000Z,2014-08-01T17:04:10.996000Z,250,DPZ,Z,1D.4954..DPZ,21600001,1,0,
2014,1D,1D.4955,1D.4955,13,2014-07-20,2014-08-01,2014-07-20T17:14:37.000000Z,2014-08-01T16:51:40.996000Z,250,DPZ,Z,1D.4955..DPZ,21600001,1,0,
2014,1D,1D.4956,1D.4956,13,2014-07-20,2014-08-01,2014-07-20T17:03:38.000000Z,2014-08-01T15:08:59.996000Z,250,DPZ,Z,1D.4956..DPZ,21600001,1,0,
2014,1D,1D.4957,1D.4957,13,2014-07-20,2014-08-01,2014-07-20T17:02:06.000000Z,2014-08-01T16:43:31.996000Z,250,DPZ,Z,1D.4957..DPZ,21600001,1,0,
2014,1D,1D.4958,1D.4958,13,2014-07-20,2014-08-01,2014-07-20T17:27:05.000000Z,2014-08-01T18:57:40.996000Z,250,DPZ,Z,1D.4958..DPZ,21600001,1,0,
2014,1D,1D.4959,1D.4959,13,2014-07-23,2014-08-04,2014-07-23T00:02:07.000000Z,2014-08-04T19:46:33.996000Z,250,DPZ,Z,1D.4959..DPZ,21600001,1,0,
2014,1D,1D.4960,1D.4960,13,2014-07-23,2014-08-04,2014-07-23T00:14:37.000000Z,2014-08-04T19:32:51.996000Z,250,DPZ,Z,1D.4960..DPZ,21600001,1,0,
2014,1D,1D.4961,1D.4961,13,2014-07-23,2014-08-04,2014-07-23T00:27:32.000000Z,2014-08-04T19:19:34.996000Z,250,DPZ,Z,1D.4961..DPZ,21600001,1,0,
2014,1D,1D.4962,1D.4962,13,2014-07-23,2014-08-04,2014-07-23T00:39:35.000000Z,2014-08-04T19:09:47.996000Z,250,DPZ,Z,1D.4962..DPZ,21600001,1,0,
2014,1D,1D.4963,1D.4963,13,2014-07-23,2014-08-04,2014-07-23T00:52:08.000000Z,2014-08-04T19:00:30.996000Z,250,DPZ,Z,1D.4963..DPZ,21600001,1,0,
2014,1D,1D.4964,1D.4964,13,2014-07-23,2014-08-04,2014-07-23T00:54:24.000000Z,2014-08-04T18:54:02.996000Z,250,DPZ,Z,1D.4964..DPZ,21600001,1,0,
2014,1D,1D.4965,1D.4965,13,2014-07-23,2014-08-04,2014-07-23T01:04:36.000000Z,2014-08-04T18:46:46.996000Z,250,DPZ,Z,1D.4965..DPZ,21600001,1,0,
2014,1D,1D.4966,1D.4966,13,2014-07-23,2014-08-04,2014-07-23T01:06:40.000000Z,2014-08-04T18:44:28.996000Z,250,DPZ,Z,1D.4966..DPZ,21600001,1,0,
2014,1D,1D.4967,1D.4967,13,2014-07-23,2014-08-04,2014-07-23T01:17:08.000000Z,2014-08-04T18:06:54.996000Z,250,DPZ,Z,1D.4967..DPZ,21600001,1,0,
2014,1D,1D.4968,1D.4968,13,2014-07-22,2014-08-03,2014-07-22T20:04:35.000000Z,2014-08-03T19:59:06.996000Z,250,DPZ,Z,1D.4968..DPZ,21600001,1,0,
2014,1D,1D.4969,1D.4969,13,2014-07-22,2014-08-03,2014-07-22T20:18:08.000000Z,2014-08-03T19:46:27.996000Z,250,DPZ,Z,1D.4969..DPZ,21600001,1,0,
2014,1D,1D.4970,1D.4970,11,2014-07-22,2014-08-01,2014-07-22T23:24:35.000000Z,2014-08-01T20:11:31.996000Z,250,DPZ,Z,1D.4970..DPZ,21600001,1,0,
2014,1D,1D.4971,1D.4971,11,2014-07-22,2014-08-01,2014-07-22T23:24:36.000000Z,2014-08-01T20:15:54.996000Z,250,DPZ,Z,1D.4971..DPZ,21600001,1,0,
2014,1D,1D.4972,1D.4972,11,2014-07-22,2014-08-01,2014-07-22T23:24:38.000000Z,2014-08-01T20:24:40.996000Z,250,DPZ,Z,1D.4972..DPZ,21600001,1,0,
2014,1D,1D.4973,1D.4973,11,2014-07-22,2014-08-01,2014-07-22T23:35:24.000000Z,2014-08-01T20:26:42.996000Z,250,DPZ,Z,1D.4973..DPZ,21600001,1,0,
2014,1D,1D.4974,1D.4974,11,2014-07-22,2014-08-01,2014-07-22T23:37:07.000000Z,2014-08-01T20:32:47.996000Z,250,DPZ,Z,1D.4974..DPZ,21600001,1,0,
2014,1D,1D.4975,1D.4975,11,2014-07-22,2014-08-01,2014-07-22T23:37:05.000000Z,2014-08-01T20:37:07.996000Z,250,DPZ,Z,1D.4975..DPZ,21600001,1,0,
2014,1D,1D.4976,1D.4976,11,2014-07-22,2014-08-01,2014-07-22T23:37:08.000000Z,2014-08-01T20:41:32.996000Z,250,DPZ,Z,1D.4976..DPZ,21600001,1,0,
2014,1D,1D.4977,1D.4977,11,2014-07-22,2014-08-01,2014-07-22T23:37:06.000000Z,2014-08-01T20:45:52.996000Z,250,DPZ,Z,1D.4977..DPZ,21600001,1,0,
2014,1D,1D.4978,1D.4978,11,2014-07-22,2014-08-01,2014-07-22T23:49:36.000000Z,2014-08-01T20:54:00.996000Z,250,DPZ,Z,1D.4978..DPZ,21600001,1,0,
2014,1D,1D.4979,1D.4979,11,2014-07-22,2014-08-01,2014-07-22T23:49:36.000000Z,2014-08-01T20:58:22.996000Z,250,DPZ,Z,1D.4979..DPZ,21600001,1,0,
2014,1D,1D.4980,1D.4980,11,2014-07-22,2014-08-01,2014-07-22T23:49:37.000000Z,2014-08-01T21:02:45.996000Z,250,DPZ,Z,1D.4980..DPZ,21600001,1,0,
2014,1D,1D.4981,1D.4981,11,2014-07-22,2014-08-01,2014-07-22T23:52:33.000000Z,2014-08-01T21:05:41.996000Z,250,DPZ,Z,1D.4981..DPZ,21600001,1,0,
2014,1D,1D.4982,1D.4982,10,2014-07-23,2014-08-01,2014-07-23T00:02:06.000000Z,2014-08-01T21:10:52.996000Z,250,DPZ,Z,1D.4982..DPZ,21600001,1,0,
2014,1D,1D.4983,1D.4983,12,2014-07-21,2014-08-01,2014-07-21T00:33:19.000000Z,2014-08-01T23:44:10.996000Z,250,DPZ,Z,1D.4983..DPZ,21600001,1,0,
2014,1D,1D.4984,1D.4984,12,2014-07-21,2014-08-01,2014-07-21T00:44:38.000000Z,2014-08-01T23:46:45.996000Z,250,DPZ,Z,1D.4984..DPZ,21600001,1,0,
2014,1D,1D.4985,1D.4985,12,2014-07-21,2014-08-01,2014-07-21T00:44:35.000000Z,2014-08-01T23:51:04.996000Z,250,DPZ,Z,1D.4985..DPZ,21600001,1,0,
2014,1D,1D.4986,1D.4986,12,2014-07-21,2014-08-01,2014-07-21T00:44:38.000000Z,2014-08-01T23:51:07.996000Z,250,DPZ,Z,1D.4986..DPZ,21600001,1,0,
2014,1D,1D.4987,1D.4987,12,2014-07-21,2014-08-01,2014-07-21T00:44:37.000000Z,2014-08-01T23:55:28.996000Z,250,DPZ,Z,1D.4987..DPZ,21600001,1,0,
2014,1D,1D.4988,1D.4988,12,2014-07-21,2014-08-01,2014-07-21T00:47:45.000000Z,2014-08-01T23:58:36.996000Z,250,DPZ,Z,1D.4988..DPZ,21600001,1,0,
2014,1D,1D.4989,1D.4989,10,2014-07-23,2014-08-01,2014-07-23T00:14:36.000000Z,2014-08-01T21:19:00.996000Z,250,DPZ,Z,1D.4989..DPZ,21600001,1,0,
2014,1D,1D.4990,1D.4990,10,2014-07-23,2014-08-01,2014-07-23T00:27:06.000000Z,2014-08-01T22:41:22.996000Z,250,DPZ,Z,1D.4990..DPZ,21600001,1,0,
2014,1D,1D.4991,1D.4991,13,2014-07-21,2014-08-02,2014-07-21T00:57:07.000000Z,2014-08-02T00:03:36.996000Z,250,DPZ,Z,1D.4991..DPZ,21600001,1,0,
2014,1D,1D.4992,1D.4992,13,2014-07-21,2014-08-02,2014-07-21T00:57:16.000000Z,2014-08-02T00:08:07.996000Z,250,DPZ,Z,1D.4992..DPZ,21600001,1,0,
2014,1D,1D.4993,1D.4993,13,2014-07-21,2014-08-02,2014-07-21T01:09:37.000000Z,2014-08-02T00:07:22.996000Z,250,DPZ,Z,1D.4993..DPZ,21600001,1,0,
2014,1D,1D.4994,1D.4994,13,2014-07-20,2014-08-01,2014-07-20T20:59:37.000000Z,2014-08-01T21:02:52.996000Z,250,DPZ,Z,1D.4994..DPZ,21600001,1,0,
2014,1D,1D.4995,1D.4995,13,2014-07-20,2014-08-01,2014-07-20T20:48:21.000000Z,2014-08-01T21:00:20.996000Z,250,DPZ,Z,1D.4995..DPZ,21600001,1,0,
2014,1D,1D.4996,1D.4996,13,2014-07-20,2014-08-01,2014-07-20T20:47:04.000000Z,2014-08-01T20:54:41.996000Z,250,DPZ,Z,1D.4996..DPZ,21600001,1,0,
2014,1D,1D.4997,1D.4997,13,2014-07-20,2014-08-01,2014-07-20T20:47:07.000000Z,2014-08-01T20:50:22.996000Z,250,DPZ,Z,1D.4997..DPZ,21600001,1,0,
2014,1D,1D.4998,1D.4998,13,2014-07-20,2014-08-01,2014-07-20T20:37:53.000000Z,2014-08-01T20:45:30.996000Z,250,DPZ,Z,1D.4998..DPZ,21600001,1,0,
2014,1D,1D.4999,1D.4999,13,2014-07-20,2014-08-01,2014-07-20T20:34:36.000000Z,2014-08-01T20:37:51.996000Z,250,DPZ,Z,1D.4999..DPZ,21600001,1,0,
2014,1D,1D.5000,1D.5000,13,2014-07-20,2014-08-01,2014-07-20T20:34:37.000000Z,2014-08-01T20:33:30.996000Z,250,DPZ,Z,1D.5000..DPZ,21600001,1,0,
2014,1D,1D.5001,1D.5001,13,2014-07-20,2014-08-01,2014-07-20T20:34:37.000000Z,2014-08-01T20:29:08.996000Z,250,DPZ,Z,1D.5001..DPZ,21600001,1,0,
2014,1D,1D.5002,1D.5002,13,2014-07-20,2014-08-01,2014-07-20T20:22:06.000000Z,2014-08-01T20:25:21.996000Z,250,DPZ,Z,1D.5002..DPZ,21600001,1,0,
2014,1D,1D.5003,1D.5003,13,2014-07-21,2014-08-02,2014-07-21T01:09:36.000000Z,2014-08-02T00:11:43.996000Z,250,DPZ,Z,1D.5003..DPZ,21600001,1,0,
2014,1D,1D.5004,1D.5004,13,2014-07-21,2014-08-02,2014-07-21T01:09:49.000000Z,2014-08-02T00:11:56.996000Z,250,DPZ,Z,1D.5004..DPZ,21600001,1,0,
2014,1D,1D.5005,1D.5005,13,2014-07-21,2014-08-02,2014-07-21T01:09:37.000000Z,2014-08-02T00:20:28.996000Z,250,DPZ,Z,1D.5005..DPZ,21600001,1,0,
2014,1D,1D.5006,1D.5006,13,2014-07-21,2014-08-02,2014-07-21T01:13:06.000000Z,2014-08-02T00:19:35.996000Z,250,DPZ,Z,1D.5006..DPZ,21600001,1,0,
2014,1D,1D.5007,1D.5007,14,2014-07-21,2014-08-03,2014-07-21T01:22:06.000000Z,2014-08-03T19:48:56.996000Z,250,DPZ,Z,1D.5007..DPZ,21600001,1,0,
2014,1D,1D.5008,1D.5008,13,2014-07-21,2014-08-02,2014-07-21T01:22:07.000000Z,2014-08-02T00:28:36.996000Z,250,DPZ,Z,1D.5008..DPZ,21600001,1,0,
2014,1D,1D.5010,1D.5010,13,2014-07-20,2014-08-01,2014-07-20T02:02:06.000000Z,2014-08-01T21:50:54.996000Z,250,DPZ,Z,1D.5010..DPZ,21600001,1,0,
2014,1D,1D.5011,1D.5011,13,2014-07-20,2014-08-01,2014-07-20T01:49:36.000000Z,2014-08-01T21:55:52.996000Z,250,DPZ,Z,1D.5011..DPZ,21600001,1,0,
2014,1D,1D.5012,1D.5012,13,2014-07-20,2014-08-01,2014-07-20T01:49:36.000000Z,2014-08-01T22:00:14.996000Z,250,DPZ,Z,1D.5012..DPZ,21600001,1,0,
2014,1D,1D.5013,1D.5013,8,2014-07-20,2014-07-27,2014-07-20T01:38:31.000000Z,2014-07-27T18:21:06.996000Z,250,DPZ,Z,1D.5013..DPZ,21600001,1,0,
2014,1D,1D.5014,1D.5014,13,2014-07-20,2014-08-01,2014-07-20T01:37:06.000000Z,2014-08-01T22:05:12.996000Z,250,DPZ,Z,1D.5014..DPZ,21600001,1,0,
2014,1D,1D.5015,1D.5015,13,2014-07-20,2014-08-01,2014-07-20T00:52:56.000000Z,2014-08-01T22:09:04.996000Z,250,DPZ,Z,1D.5015..DPZ,21600001,1,0,
2014,1D,1D.5016,1D.5016,13,2014-07-20,2014-08-01,2014-07-20T00:59:36.000000Z,2014-08-01T22:11:22.996000Z,250,DPZ,Z,1D.5016..DPZ,21600001,1,0,
2014,1D,1D.5017,1D.5017,13,2014-07-20,2014-08-01,2014-07-20T01:06:31.000000Z,2014-08-01T22:13:55.996000Z,250,DPZ,Z,1D.5017..DPZ,21600001,1,0,
2014,1D,1D.5018,1D.5018,13,2014-07-20,2014-08-01,2014-07-20T01:12:07.000000Z,2014-08-01T22:15:09.996000Z,250,DPZ,Z,1D.5018..DPZ,21600001,1,0,
2014,1D,1D.5019,1D.5019,13,2014-07-20,2014-08-01,2014-07-20T01:17:24.000000Z,2014-08-01T22:16:04.996000Z,250,DPZ,Z,1D.5019..DPZ,21600001,1,0,
2014,1D,1D.5020,1D.5020,10,2014-07-23,2014-08-01,2014-07-23T00:29:13.000000Z,2014-08-01T22:34:45.996000Z,250,DPZ,Z,1D.5020..DPZ,21600001,1,0,
2014,1D,1D.5021,1D.5021,10,2014-07-23,2014-08-01,2014-07-23T00:39:37.000000Z,2014-08-01T22:32:03.996000Z,250,DPZ,Z,1D.5021..DPZ,21600001,1,0,
2014,1D,1D.5022,1D.5022,10,2014-07-23,2014-08-01,2014-07-23T00:39:38.000000Z,2014-08-01T22:23:20.996000Z,250,DPZ,Z,1D.5022..DPZ,21600001,1,0,
2014,1D,1D.5023,1D.5023,10,2014-07-23,2014-08-01,2014-07-23T00:52:32.000000Z,2014-08-01T22:18:46.996000Z,250,DPZ,Z,1D.5023..DPZ,21600001,1,0,
2014,1D,1D.5024,1D.5024,10,2014-07-23,2014-08-01,2014-07-23T00:52:07.000000Z,2014-08-01T22:13:59.996000Z,250,DPZ,Z,1D.5024..DPZ,21600001,1,0,
2014,XD,MA05,XD.MA05,6,2014-07-28,2014-08-05,2014-07-28T07:18:51.000000Z,2014-08-05T14:51:27.830000Z,100,HHZ,Z,XD.MA05..HHZ,260000,1,0,
2014,XD,MB05,XD.MB05,19,2014-07-18,2014-08-05,2014-07-18T00:00:00.000000Z,2014-08-06T00:00:00.000000Z,100,HHZ,Z,XD.MB05..HHZ,8640001,1,0,
2014,XD,MB07,XD.MB07,19,2014-07-18,2014-08-05,2014-07-18T00:00:00.005000Z,2014-08-05T23:59:59.995000Z,100,HHZ,Z,XD.MB07..HHZ,8640000,1,0,
2014,XD,MC06,XD.MC06,19,2014-07-18,2014-08-05,2014-07-18T00:00:00.000000Z,2014-08-06T00:00:00.000000Z,100,HHZ,Z,XD.MC06..HHZ,8640001,1,0,
2014,XD,MC08,XD.MC08,19,2014-07-18,2014-08-05,2014-07-18T00:00:00.000000Z,2014-08-06T00:00:00.000000Z,100,HHZ,Z,XD.MC08..HHZ,8640001,1,0,
2014,XD,MD05,XD.MD05,19,2014-07-18,2014-08-05,2014-07-18T00:00:00.000000Z,2014-08-06T00:00:00.000000Z,100,HHZ,Z,XD.MD05..HHZ,8640001,1,0,
2014,XD,MD09,XD.MD09,19,2014-07-18,2014-08-05,2014-07-18T00:00:00.005000Z,2014-08-05T23:59:59.995000Z,100,HHZ,Z,XD.MD09..HHZ,8640000,1,0,
2014,XD,MD12,XD.MD12,19,2014-07-18,2014-08-05,2014-07-18T00:00:00.000000Z,2014-08-06T00:00:00.000000Z,100,HHZ,Z,XD.MD12..HHZ,8640001,1,0,
2014,XD,ME02,XD.ME02,19,2014-07-18,2014-08-05,2014-07-18T00:00:00.000000Z,2014-08-05T23:59:59.995000Z,100,HHZ,Z,XD.ME02..HHZ,8640000,1,0,
2014,XD,ME03,XD.ME03,19,2014-07-18,2014-08-05,2014-07-18T00:00:00.000000Z,2014-08-06T00:00:00.000000Z,100,HHZ,Z,XD.ME03..HHZ,8640001,1,0,
2014,XD,ME04,XD.ME04,19,2014-07-18,2014-08-05,2014-07-18T00:00:00.005000Z,2014-08-06T00:00:00.000000Z,100,HHZ,Z,XD.ME04..HHZ,8640001,1,0,
2014,XD,ME06,XD.ME06,19,2014-07-18,2014-08-05,2014-07-18T00:00:00.005000Z,2014-08-05T23:59:59.995000Z,100,HHZ,Z,XD.ME06..HHZ,8640000,1,0,
2014,XD,ME08,XD.ME08,2,2014-07-29,2014-07-30,2014-07-29T23:00:00.005000Z,2014-07-30T01:27:34.015000Z,100,HHZ,Z,XD.ME08..HHZ,208201,1,0,
2014,XD,MF05,XD.MF05,19,2014-07-18,2014-08-05,2014-07-18T00:00:00.005000Z,2014-08-06T00:00:00.000000Z,100,HHZ,Z,XD.MF05..HHZ,8640001,1,0,
2014,XD,MF07,XD.MF07,19,2014-07-18,2014-08-05,2014-07-18T00:00:00.005000Z,2014-08-05T23:59:59.995000Z,100,HHZ,Z,XD.MF07..HHZ,8640000,1,0,
2014,XD,MF09,XD.MF09,19,2014-07-18,2014-08-05,2014-07-18T00:00:00.000000Z,2014-08-06T00:00:00.000000Z,100,HHZ,Z,XD.MF09..HHZ,8640001,1,0,
2014,XD,MG02,XD.MG02,19,2014-07-18,2014-08-05,2014-07-18T00:00:00.000000Z,2014-08-06T00:00:00.000000Z,100,HHZ,Z,XD.MG02..HHZ,8640001,1,0,
2014,XD,MG03,XD.MG03,19,2014-07-18,2014-08-05,2014-07-18T00:00:00.000000Z,2014-08-06T00:00:00.000000Z,100,HHZ,Z,XD.MG03..HHZ,8640001,1,0,
2014,XD,MG05,XD.MG05,19,2014-07-18,2014-08-05,2014-07-18T00:00:00.005000Z,2014-08-05T23:59:59.995000Z,100,HHZ,Z,XD.MG05..HHZ,8640000,1,0,
2014,XD,MG06,XD.MG06,16,2014-07-18,2014-08-05,2014-07-18T00:00:00.000000Z,2014-08-06T00:00:00.000000Z,100,HHZ,Z,XD.MG06..HHZ,8640000,1,0,
2014,XD,MG07,XD.MG07,17,2014-07-20,2014-08-05,2014-07-20T00:34:26.000000Z,2014-08-06T00:00:00.000000Z,100,HHZ,Z,XD.MG07..HHZ,8640001,1,0,
2014,XD,MG08,XD.MG08,19,2014-07-18,2014-08-05,2014-07-18T00:00:00.000000Z,2014-08-05T23:59:59.995000Z,100,HHZ,Z,XD.MG08..HHZ,8640000,1,0,
2014,XD,MG10,XD.MG10,19,2014-07-18,2014-08-05,2014-07-18T00:00:00.005000Z,2014-08-05T23:59:59.995000Z,100,HHZ,Z,XD.MG10..HHZ,8640000,1,0,
2014,XD,MH01,XD.MH01,19,2014-07-18,2014-08-05,2014-07-18T00:00:00.005000Z,2014-08-06T00:00:00.000000Z,100,HHZ,Z,XD.MH01..HHZ,8640001,1,0,
2014,XD,MH03,XD.MH03,19,2014-07-18,2014-08-05,2014-07-18T00:00:00.005000Z,2014-08-05T23:59:59.995000Z,100,HHZ,Z,XD.MH03..HHZ,8640000,1,0,
2014,XD,MH04,XD.MH04,19,2014-07-18,2014-08-05,2014-07-18T00:00:00.005000Z,2014-08-06T00:00:00.000000Z,100,HHZ,Z,XD.MH04..HHZ,8640001,1,0,
2014,XD,MH07,XD.MH07,19,2014-07-18,2014-08-05,2014-07-18T00:00:00.000000Z,2014-08-06T00:00:00.000000Z,100,HHZ,Z,XD.MH07..HHZ,8640001,1,0,
2014,XD,MH09,XD.MH09,19,2014-07-18,2014-08-05,2014-07-18T00:00:00.005000Z,2014-08-05T23:59:59.995000Z,100,HHZ,Z,XD.MH09..HHZ,8640000,1,0,
2014,XD,MH11,XD.MH11,19,2014-07-18,2014-08-05,2014-07-18T00:00:00.005000Z,2014-08-06T00:00:00.000000Z,100,HHZ,Z,XD.MH11..HHZ,8640000,1,0,
2014,XD,MI02,XD.MI02,19,2014-07-18,2014-08-05,2014-07-18T00:00:00.000000Z,2014-08-05T23:59:59.995000Z,100,HHZ,Z,XD.MI02..HHZ,8640000,1,0,
2014,XD,MI04,XD.MI04,19,2014-07-18,2014-08-05,2014-07-18T00:00:00.005000Z,2014-08-06T00:00:00.000000Z,100,HHZ,Z,XD.MI04..HHZ,8640001,1,0,
2014,XD,MI05,XD.MI05,19,2014-07-18,2014-08-05,2014-07-18T00:00:00.000000Z,2014-08-05T23:59:59.995000Z,100,HHZ,Z,XD.MI05..HHZ,8640000,1,0,
2014,XD,MI07,XD.MI07,19,2014-07-18,2014-08-05,2014-07-18T00:00:00.005000Z,2014-08-05T23:59:59.995000Z,100,HHZ,Z,XD.MI07..HHZ,8640000,1,0,
2014,XD,MI08,XD.MI08,19,2014-07-18,2014-08-05,2014-07-18T00:00:00.000000Z,2014-08-06T00:00:00.000000Z,100,HHZ,Z,XD.MI08..HHZ,8640001,1,0,
2014,XD,MI09,XD.MI09,19,2014-07-18,2014-08-05,2014-07-18T00:00:00.000000Z,2014-08-06T00:00:00.000000Z,100,HHZ,Z,XD.MI09..HHZ,8640001,1,0,
2014,XD,MI10,XD.MI10,19,2014-07-18,2014-08-05,2014-07-18T00:00:00.000000Z,2014-08-06T00:00:00.000000Z,100,HHZ,Z,XD.MI10..HHZ,8640001,1,0,
2014,XD,MJ01,XD.MJ01,19,2014-07-18,2014-08-05,2014-07-18T00:00:00.005000Z,2014-08-05T23:59:59.995000Z,100,HHZ,Z,XD.MJ01..HHZ,8640000,1,0,
2014,XD,MJ02,XD.MJ02,15,2014-07-18,2014-08-05,2014-07-18T00:00:00.000000Z,2014-08-06T00:00:00.000000Z,100,HHZ,Z,XD.MJ02..HHZ,2936800,1,0,
2014,XD,MJ03,XD.MJ03,19,2014-07-18,2014-08-05,2014-07-18T16:25:20.000000Z,2014-08-06T00:00:00.000000Z,100,HHZ,Z,XD.MJ03..HHZ,8640001,1,0,
2014,XD,MJ06,XD.MJ06,19,2014-07-18,2014-08-05,2014-07-18T00:00:00.005000Z,2014-08-05T23:59:59.995000Z,100,HHZ,Z,XD.MJ06..HHZ,8640000,1,0,
2014,XD,MJ07,XD.MJ07,19,2014-07-18,2014-08-05,2014-07-18T00:00:00.000000Z,2014-08-06T00:00:00.000000Z,100,HHZ,Z,XD.MJ07..HHZ,8640001,1,0,
2014,XD,MJ09,XD.MJ09,19,2014-07-18,2014-08-05,2014-07-18T00:00:00.005000Z,2014-08-05T23:59:59.995000Z,100,HHZ,Z,XD.MJ09..HHZ,8640000,1,0,
2014,XD,MK04,XD.MK04,19,2014-07-18,2014-08-05,2014-07-18T00:00:00.000000Z,2014-08-06T00:00:00.000000Z,100,HHZ,Z,XD.MK04..HHZ,8640001,1,0,
2014,XD,MK06,XD.MK06,19,2014-07-18,2014-08-05,2014-07-18T00:00:00.000000Z,2014-08-06T00:00:00.000000Z,100,HHZ,Z,XD.MK06..HHZ,8640001,1,0,
2014,XD,MK07,XD.MK07,19,2014-07-18,2014-08-05,2014-07-18T00:00:00.005000Z,2014-08-05T23:59:59.995000Z,100,HHZ,Z,XD.MK07..HHZ,8640000,1,0,
2014,XD,MK08,XD.MK08,19,2014-07-18,2014-08-05,2014-07-18T00:00:00.000000Z,2014-08-06T00:00:00.000000Z,100,HHZ,Z,XD.MK08..HHZ,8640001,1,0,
2014,XD,MK10,XD.MK10,19,2014-07-18,2014-08-05,2014-07-18T00:04:47.005000Z,2014-08-06T00:00:00.000000Z,100,HHZ,Z,XD.MK10..HHZ,8640001,1,0,
2014,XD,MK11,XD.MK11,19,2014-07-18,2014-08-05,2014-07-18T00:00:00.005000Z,2014-08-05T23:59:59.995000Z,100,HHZ,Z,XD.MK11..HHZ,8640000,1,0,
2014,XD,MK12,XD.MK12,19,2014-07-18,2014-08-05,2014-07-18T00:00:00.000000Z,2014-08-06T00:00:00.000000Z,100,HHZ,Z,XD.MK12..HHZ,8640001,1,0,
2014,XD,ML03,XD.ML03,19,2014-07-18,2014-08-05,2014-07-18T00:00:00.000000Z,2014-08-06T00:00:00.000000Z,100,HHZ,Z,XD.ML03..HHZ,8640001,1,0,
2014,XD,ML07,XD.ML07,19,2014-07-18,2014-08-05,2014-07-18T00:00:00.000000Z,2014-08-06T00:00:00.000000Z,100,HHZ,Z,XD.ML07..HHZ,8640001,1,0,
2014,XD,ML09,XD.ML09,19,2014-07-18,2014-08-05,2014-07-18T00:00:00.000000Z,2014-08-06T00:00:00.000000Z,100,HHZ,Z,XD.ML09..HHZ,8640001,1,0,
2014,XD,ML10,XD.ML10,19,2014-07-18,2014-08-05,2014-07-18T00:00:00.005000Z,2014-08-05T23:59:59.995000Z,100,HHZ,Z,XD.ML10..HHZ,8640000,1,0,
2014,XD,ML11,XD.ML11,19,2014-07-18,2014-08-05,2014-07-18T00:00:00.000000Z,2014-08-06T00:00:00.000000Z,100,HHZ,Z,XD.ML11..HHZ,8640001,1,0,
2014,XD,MM02,XD.MM02,19,2014-07-18,2014-08-05,2014-07-18T00:00:00.005000Z,2014-08-06T00:00:00.000000Z,100,HHZ,Z,XD.MM02..HHZ,8640001,1,0,
2014,XD,MM04,XD.MM04,19,2014-07-18,2014-08-05,2014-07-18T00:00:00.005000Z,2014-08-05T23:59:59.995000Z,100,HHZ,Z,XD.MM04..HHZ,8640000,1,0,
2014,XD,MM06,XD.MM06,19,2014-07-18,2014-08-05,2014-07-18T00:00:00.005000Z,2014-08-05T23:59:59.995000Z,100,HHZ,Z,XD.MM06..HHZ,8640000,1,0,
2014,XD,MM08,XD.MM08,19,2014-07-18,2014-08-05,2014-07-18T00:00:00.000000Z,2014-08-06T00:00:00.000000Z,100,HHZ,Z,XD.MM08..HHZ,8640001,1,0,
2014,XD,MN07,XD.MN07,19,2014-07-18,2014-08-05,2014-07-18T00:00:00.000000Z,2014-08-06T00:00:00.000000Z,100,HHZ,Z,XD.MN07..HHZ,8640001,1,0,
2014,XD,MN09,XD.MN09,19,2014-07-18,2014-08-05,2014-07-18T00:00:00.000000Z,2014-08-06T00:00:00.000000Z,100,HHZ,Z,XD.MN09..HHZ,8640001,1,0,
2014,XD,MN10,XD.MN10,19,2014-07-18,2014-08-05,2014-07-18T00:00:00.000000Z,2014-08-06T00:00:00.000000Z,100,HHZ,Z,XD.MN10..HHZ,8640001,1,0,
2014,XD,MO03,XD.MO03,19,2014-07-18,2014-08-05,2014-07-18T00:00:00.005000Z,2014-08-05T23:59:59.995000Z,100,HHZ,Z,XD.MO03..HHZ,8640000,1,0,
2014,XD,MO06,XD.MO06,19,2014-07-18,2014-08-05,2014-07-18T00:00:00.000000Z,2014-08-06T00:00:00.000000Z,100,HHZ,Z,XD.MO06..HHZ,8640001,1,0,
2014,XD,MO07,XD.MO07,19,2014-07-18,2014-08-05,2014-07-18T00:00:00.000000Z,2014-08-05T23:59:59.995000Z,100,HHZ,Z,XD.MO07..HHZ,8640000,1,0,
2014,XD,MP03,XD.MP03,19,2014-07-18,2014-08-05,2014-07-18T00:00:00.005000Z,2014-08-06T00:00:00.000000Z,100,HHZ,Z,XD.MP03..HHZ,8640001,1,0,
2014,XD,MP04,XD.MP04,19,2014-07-18,2014-08-05,2014-07-18T00:00:00.005000Z,2014-08-05T23:59:59.995000Z,100,HHZ,Z,XD.MP04..HHZ,8640000,1,0,
2014,XD,MP06,XD.MP06,14,2014-07-23,2014-08-05,2014-07-23T00:46:20.004997Z,2014-08-05T23:59:59.995000Z,100,HHZ,Z,XD.MP06..HHZ,8640000,1,0,
2014,XD,MP08,XD.MP08,19,2014-07-18,2014-08-05,2014-07-18T00:00:00.000000Z,2014-08-06T00:00:00.000000Z,100,HHZ,Z,XD.MP08..HHZ,8640001,1,0,
2014,XD,MP10,XD.MP10,19,2014-07-18,2014-08-05,2014-07-18T00:00:00.000000Z,2014-08-06T00:00:00.000000Z,100,HHZ,Z,XD.MP10..HHZ,8640001,1,0,
2014,XD,MQ07,XD.MQ07,19,2014-07-18,2014-08-05,2014-07-18T00:00:00.000000Z,2014-08-06T00:00:00.000000Z,100,HHZ,Z,XD.MQ07..HHZ,8640001,1,0,
2014,permanent,CC.SEP,CC.SEP,18,2014-07-18,2014-08-05,2014-07-18T00:00:00.000000Z,2014-08-06T00:00:00.000000Z,50,EHZ,Z,CC.SEP..EHZ,359950,1,0,
2014,permanent,CC.STD,CC.STD,19,2014-07-18,2014-08-05,2014-07-18T00:00:00.000000Z,2014-08-06T00:00:00.000000Z,50,BHZ,Z,CC.STD..BHZ,4320001,1,0,
2014,permanent,CC.SUG,CC.SUG,19,2014-07-18,2014-08-05,2014-07-18T00:00:00.000000Z,2014-08-06T00:00:00.000000Z,50,EHZ,Z,CC.SUG..EHZ,361550,1,0,
2014,permanent,CC.SWF2,CC.SWF2,19,2014-07-18,2014-08-05,2014-07-18T00:00:00.000000Z,2014-08-06T00:00:00.000000Z,50,BHZ,Z,CC.SWF2..BHZ,937951,1,0,
2014,permanent,CC.VALT,CC.VALT,19,2014-07-18,2014-08-05,2014-07-18T00:00:00.000000Z,2014-08-06T00:00:00.000000Z,50,BHZ,Z,CC.VALT..BHZ,4320001,1,0,
2014,permanent,PB.B202,PB.B202,18,2014-07-18,2014-08-05,2014-07-18T00:00:00.008400Z,2014-08-05T23:59:59.998400Z,100,EHZ,Z,PB.B202..EHZ,8640000,1,0,
2014,permanent,PB.B204,PB.B204,19,2014-07-18,2014-08-05,2014-07-18T00:00:00.008400Z,2014-08-05T23:59:59.998400Z,100,EHZ,Z,PB.B204..EHZ,8640000,1,0,
2014,permanent,UW.EDM,UW.EDM,19,2014-07-18,2014-08-05,2014-07-18T00:00:00.000008Z,2014-08-05T23:59:59.470752Z,100,EHZ,Z,UW.EDM..EHZ,8639947,1,0,
2014,permanent,UW.HSR,UW.HSR,19,2014-07-18,2014-08-05,2014-07-18T00:00:00.000008Z,2014-08-05T23:59:59.470756Z,100,EHZ,Z,UW.HSR..EHZ,8639947,1,0,
2014,permanent,UW.JUN,UW.JUN,19,2014-07-18,2014-08-05,2014-07-18T00:00:00.000008Z,2014-08-05T23:59:59.470750Z,100,EHZ,Z,UW.JUN..EHZ,8639947,1,0,
2014,permanent,UW.SHW,UW.SHW,19,2014-07-18,2014-08-05,2014-07-18T00:00:00.000008Z,2014-08-05T23:59:59.470762Z,100,EHZ,Z,UW.SHW..EHZ,8639947,1,0,
2014,permanent,UW.SOS,UW.SOS,19,2014-07-18,2014-08-05,2014-07-18T00:00:00.000008Z,2014-08-05T23:59:59.470762Z,100,EHZ,Z,UW.SOS..EHZ,8639947,1,0,
2014,permanent,UW.STD,UW.STD,19,2014-07-18,2014-08-05,2014-07-18T00:00:00.000008Z,2014-08-05T23:59:59.470766Z,100,EHZ,Z,UW.STD..EHZ,8639947,1,0,
2017,YI,YI.1,YI.1,34,2017-08-19,2017-09-21,2017-08-19T20:35:58.671998Z,2017-09-21T20:07:53.995999Z,250,DPZ,Z,YI.1..DPZ,21600000,1,0,
2017,YI,YI.10,YI.10,36,2017-08-22,2017-09-26,2017-08-22T21:53:39.371999Z,2017-09-26T20:32:08.995999Z,250,DPZ,Z,YI.10..DPZ,21600000,1,0,
2017,YI,YI.100,YI.100,36,2017-08-22,2017-09-26,2017-08-22T16:59:30.471998Z,2017-09-26T18:59:43.995999Z,250,DPZ,Z,YI.100..DPZ,21600000,1,0,
2017,YI,YI.101,YI.101,36,2017-08-22,2017-09-26,2017-08-22T17:08:54.767998Z,2017-09-26T20:54:27.995999Z,250,DPZ,Z,YI.101..DPZ,21600000,1,0,
2017,YI,YI.102,YI.102,36,2017-08-22,2017-09-26,2017-08-22T17:18:44.388000Z,2017-09-26T18:42:46.996000Z,250,DPZ,Z,YI.102..DPZ,21600000,1,0,
2017,YI,YI.103,YI.103,36,2017-08-22,2017-09-26,2017-08-22T18:30:30.203999Z,2017-09-26T18:12:28.995999Z,250,DPZ,Z,YI.103..DPZ,21600000,1,0,
2017,YI,YI.104,YI.104,36,2017-08-22,2017-09-26,2017-08-22T18:15:41.227998Z,2017-09-26T18:27:56.995999Z,250,DPZ,Z,YI.104..DPZ,21600000,1,0,
2017,YI,YI.105,YI.105,36,2017-08-22,2017-09-26,2017-08-22T17:27:38.415998Z,2017-09-26T18:35:35.995999Z,250,DPZ,Z,YI.105..DPZ,21600000,1,0,
2017,YI,YI.106,YI.106,36,2017-08-22,2017-09-26,2017-08-22T18:57:46.696000Z,2017-09-26T17:30:44.996000Z,250,DPZ,Z,YI.106..DPZ,21600000,1,0,
2017,YI,YI.108,YI.108,37,2017-08-22,2017-09-27,2017-08-22T16:42:36.700000Z,2017-09-27T16:22:45.996000Z,250,DPZ,Z,YI.108..DPZ,21600000,1,0,
2017,YI,YI.109,YI.109,34,2017-08-22,2017-09-26,2017-08-22T16:56:12.476000Z,2017-09-26T20:41:25.996000Z,250,DPZ,Z,YI.109..DPZ,21600000,1,0,
2017,YI,YI.11,YI.11,36,2017-08-22,2017-09-26,2017-08-22T20:38:28.644000Z,2017-09-26T19:42:31.996000Z,250,DPZ,Z,YI.11..DPZ,21600000,1,0,
2017,YI,YI.110,YI.110,8,2017-08-22,2017-08-29,2017-08-22T17:07:35.496000Z,2017-08-29T20:09:51.996000Z,250,DPZ,Z,YI.110..DPZ,21600000,1,0,
2017,YI,YI.111,YI.111,36,2017-08-22,2017-09-26,2017-08-22T17:15:24.444000Z,2017-09-26T17:46:48.996000Z,250,DPZ,Z,YI.111..DPZ,21600000,1,0,
2017,YI,YI.112,YI.112,36,2017-08-22,2017-09-26,2017-08-22T17:24:22.075999Z,2017-09-26T17:41:38.995999Z,250,DPZ,Z,YI.112..DPZ,21600000,1,0,
2017,YI,YI.113,YI.113,36,2017-08-22,2017-09-26,2017-08-22T17:33:39.000000Z,2017-09-26T17:04:25.996000Z,250,DPZ,Z,YI.113..DPZ,21600000,1,0,
2017,YI,YI.114,YI.114,36,2017-08-22,2017-09-26,2017-08-22T17:41:30.779999Z,2017-09-26T19:42:18.995999Z,250,DPZ,Z,YI.114..DPZ,21600000,1,0,
2017,YI,YI.115,YI.115,36,2017-08-22,2017-09-26,2017-08-22T17:54:02.315999Z,2017-09-26T19:59:55.995999Z,250,DPZ,Z,YI.115..DPZ,21600000,1,0,
2017,YI,YI.116,YI.116,36,2017-08-22,2017-09-26,2017-08-22T18:07:10.196000Z,2017-09-26T20:14:02.996000Z,250,DPZ,Z,YI.116..DPZ,21600000,1,0,
2017,YI,YI.117,YI.117,37,2017-08-22,2017-09-27,2017-08-22T18:54:04.359998Z,2017-09-27T12:30:05.995999Z,250,DPZ,Z,YI.117..DPZ,21600000,1,0,
2017,YI,YI.118,YI.118,37,2017-08-22,2017-09-27,2017-08-22T19:02:01.099998Z,2017-09-27T18:35:22.995999Z,250,DPZ,Z,YI.118..DPZ,21600000,1,0,
2017,YI,YI.119,YI.119,37,2017-08-22,2017-09-27,2017-08-22T19:12:45.075999Z,2017-09-27T18:16:47.995999Z,250,DPZ,Z,YI.119..DPZ,21600000,1,0,
2017,YI,YI.12,YI.12,36,2017-08-22,2017-09-26,2017-08-22T20:24:41.871999Z,2017-09-26T19:29:19.995999Z,250,DPZ,Z,YI.12..DPZ,21600000,1,0,
2017,YI,YI.120,YI.120,37,2017-08-22,2017-09-27,2017-08-22T19:24:14.927999Z,2017-09-27T18:46:53.995999Z,250,DPZ,Z,YI.120..DPZ,21600000,1,0,
2017,YI,YI.121,YI.121,37,2017-08-22,2017-09-27,2017-08-22T19:34:54.604000Z,2017-09-27T19:26:13.996000Z,250,DPZ,Z,YI.121..DPZ,21600000,1,0,
2017,YI,YI.122,YI.122,36,2017-08-22,2017-09-26,2017-08-22T19:43:56.319998Z,2017-09-26T23:11:34.995999Z,250,DPZ,Z,YI.122..DPZ,21600000,1,0,
2017,YI,YI.123,YI.123,36,2017-08-22,2017-09-26,2017-08-22T19:54:42.364000Z,2017-09-26T23:44:43.996000Z,250,DPZ,Z,YI.123..DPZ,21600000,1,0,
2017,YI,YI.124,YI.124,36,2017-08-22,2017-09-26,2017-08-22T20:05:52.299998Z,2017-09-26T23:31:41.995999Z,250,DPZ,Z,YI.124..DPZ,21600000,1,0,
2017,YI,YI.125,YI.125,37,2017-08-22,2017-09-27,2017-08-22T20:29:22.579998Z,2017-09-27T19:49:13.995999Z,250,DPZ,Z,YI.125..DPZ,21600000,1,0,
2017,YI,YI.126,YI.126,36,2017-08-22,2017-09-26,2017-08-22T20:59:44.823998Z,2017-09-26T22:54:28.995999Z,250,DPZ,Z,YI.126..DPZ,21600000,1,0,
2017,YI,YI.127,YI.127,36,2017-08-22,2017-09-26,2017-08-22T21:11:33.016000Z,2017-09-26T23:20:07.996000Z,250,DPZ,Z,YI.127..DPZ,21600000,1,0,
2017,YI,YI.128,YI.128,36,2017-08-22,2017-09-26,2017-08-22T21:37:38.572000Z,2017-09-26T23:48:40.996000Z,250,DPZ,Z,YI.128..DPZ,21600000,1,0,
2017,YI,YI.129,YI.129,36,2017-08-22,2017-09-26,2017-08-22T21:50:47.483999Z,2017-09-26T22:16:33.995999Z,250,DPZ,Z,YI.129..DPZ,21600000,1,0,
2017,YI,YI.13,YI.13,34,2017-08-19,2017-09-21,2017-08-19T18:58:10.628000Z,2017-09-21T18:40:13.996000Z,250,DPZ,Z,YI.13..DPZ,21600000,1,0,
2017,YI,YI.130,YI.130,36,2017-08-22,2017-09-26,2017-08-22T22:03:49.463999Z,2017-09-26T22:34:50.995999Z,250,DPZ,Z,YI.130..DPZ,21600000,1,0,
2017,YI,YI.131,YI.131,36,2017-08-22,2017-09-26,2017-08-22T22:15:24.191998Z,2017-09-26T22:09:25.995999Z,250,DPZ,Z,YI.131..DPZ,21600000,1,0,
2017,YI,YI.132,YI.132,33,2017-08-19,2017-09-21,2017-08-19T23:05:58.832000Z,2017-09-21T18:56:36.996000Z,250,DPZ,Z,YI.132..DPZ,21600000,1,0,
2017,YI,YI.133,YI.133,34,2017-08-19,2017-09-21,2017-08-19T20:22:01.095999Z,2017-09-21T17:52:30.995999Z,250,DPZ,Z,YI.133..DPZ,21600000,1,0,
2017,YI,YI.134,YI.134,34,2017-08-19,2017-09-21,2017-08-19T21:37:15.000000Z,2017-09-21T18:20:56.996000Z,250,DPZ,Z,YI.134..DPZ,21600000,1,0,
2017,YI,YI.135,YI.135,34,2017-08-19,2017-09-21,2017-08-19T21:04:12.523998Z,2017-09-21T18:11:15.995999Z,250,DPZ,Z,YI.135..DPZ,21600000,1,0,
2017,YI,YI.136,YI.136,34,2017-08-19,2017-09-21,2017-08-19T20:51:18.039999Z,2017-09-21T18:03:17.995999Z,250,DPZ,Z,YI.136..DPZ,21600000,1,0,
2017,YI,YI.137,YI.137,32,2017-08-20,2017-09-20,2017-08-20T17:23:58.240000Z,2017-09-20T18:51:29.996000Z,250,DPZ,Z,YI.137..DPZ,21600000,1,0,
2017,YI,YI.138,YI.138,31,2017-08-21,2017-09-20,2017-08-21T19:36:01.588000Z,2017-09-20T18:15:00.996000Z,250,DPZ,Z,YI.138..DPZ,21600000,1,0,
2017,YI,YI.139,YI.139,32,2017-08-20,2017-09-20,2017-08-20T18:12:03.680000Z,2017-09-20T19:11:12.996000Z,250,DPZ,Z,YI.139..DPZ,21600000,1,0,
2017,YI,YI.14,YI.14,34,2017-08-19,2017-09-21,2017-08-19T18:12:48.424000Z,2017-09-21T18:50:35.996000Z,250,DPZ,Z,YI.14..DPZ,21600000,1,0,
2017,YI,YI.140,YI.140,32,2017-08-20,2017-09-20,2017-08-20T19:15:54.628000Z,2017-09-20T18:40:00.996000Z,250,DPZ,Z,YI.140..DPZ,21600000,1,0,
2017,YI,YI.15,YI.15,34,2017-08-19,2017-09-21,2017-08-19T23:18:24.756000Z,2017-09-21T19:36:14.996000Z,250,DPZ,Z,YI.15..DPZ,21600000,1,0,
2017,YI,YI.16,YI.16,34,2017-08-19,2017-09-21,2017-08-19T23:33:24.563998Z,2017-09-21T19:25:48.995999Z,250,DPZ,Z,YI.16..DPZ,21600000,1,0,
2017,YI,YI.17,YI.17,34,2017-08-19,2017-09-21,2017-08-19T23:50:36.936000Z,2017-09-21T19:19:33.996000Z,250,DPZ,Z,YI.17..DPZ,21600000,1,0,
2017,YI,YI.18,YI.18,34,2017-08-19,2017-09-21,2017-08-19T19:50:28.528000Z,2017-09-21T17:50:19.996000Z,250,DPZ,Z,YI.18..DPZ,21600000,1,0,
2017,YI,YI.19,YI.19,34,2017-08-19,2017-09-21,2017-08-19T20:16:50.920000Z,2017-09-21T17:59:23.996000Z,250,DPZ,Z,YI.19..DPZ,21600000,1,0,
2017,YI,YI.2,YI.2,34,2017-08-19,2017-09-21,2017-08-19T20:01:44.628000Z,2017-09-21T18:02:37.996000Z,250,DPZ,Z,YI.2..DPZ,21600000,1,0,
2017,YI,YI.20,YI.20,34,2017-08-19,2017-09-21,2017-08-19T21:19:15.019999Z,2017-09-21T18:16:07.995999Z,250,DPZ,Z,YI.20..DPZ,21600000,1,0,
2017,YI,YI.21,YI.21,34,2017-08-19,2017-09-21,2017-08-19T21:49:47.059998Z,2017-09-21T18:27:38.995999Z,250,DPZ,Z,YI.21..DPZ,21600000,1,0,
2017,YI,YI.22,YI.22,34,2017-08-19,2017-09-21,2017-08-19T22:05:20.976000Z,2017-09-21T18:35:13.996000Z,250,DPZ,Z,YI.22..DPZ,21600000,1,0,
2017,YI,YI.23,YI.23,34,2017-08-19,2017-09-21,2017-08-19T22:30:42.875998Z,2017-09-21T18:48:07.995999Z,250,DPZ,Z,YI.23..DPZ,21600000,1,0,
2017,YI,YI.24,YI.24,34,2017-08-19,2017-09-21,2017-08-19T22:50:34.384000Z,2017-09-21T18:58:31.996000Z,250,DPZ,Z,YI.24..DPZ,21600000,1,0,
2017,YI,YI.25,YI.25,32,2017-08-20,2017-09-20,2017-08-20T18:42:02.671998Z,2017-09-20T18:01:33.995999Z,250,DPZ,Z,YI.25..DPZ,21600000,1,0,
2017,YI,YI.28,YI.28,33,2017-08-20,2017-09-21,2017-08-20T00:05:44.703999Z,2017-09-21T19:37:25.995999Z,250,DPZ,Z,YI.28..DPZ,21600000,1,0,
2017,YI,YI.29,YI.29,30,2017-08-20,2017-09-21,2017-08-20T21:46:32.299998Z,2017-09-21T20:37:26.995999Z,250,DPZ,Z,YI.29..DPZ,21600000,1,0,
2017,YI,YI.3,YI.3,36,2017-08-22,2017-09-26,2017-08-22T21:46:06.532000Z,2017-09-26T20:26:14.996000Z,250,DPZ,Z,YI.3..DPZ,21600000,1,0,
2017,YI,YI.30,YI.30,33,2017-08-20,2017-09-21,2017-08-20T21:19:16.595999Z,2017-09-21T20:18:09.995999Z,250,DPZ,Z,YI.30..DPZ,21600000,1,0,
2017,YI,YI.31,YI.31,33,2017-08-20,2017-09-21,2017-08-20T20:57:56.971998Z,2017-09-21T21:02:50.995999Z,250,DPZ,Z,YI.31..DPZ,21600000,1,0,
2017,YI,YI.32,YI.32,32,2017-08-20,2017-09-20,2017-08-20T20:34:56.855998Z,2017-09-20T20:24:50.995999Z,250,DPZ,Z,YI.32..DPZ,21600000,1,0,
2017,YI,YI.33,YI.33,32,2017-08-20,2017-09-20,2017-08-20T17:39:18.328000Z,2017-09-20T19:53:49.996000Z,250,DPZ,Z,YI.33..DPZ,21600000,1,0,
2017,YI,YI.34,YI.34,32,2017-08-20,2017-09-20,2017-08-20T20:08:54.940000Z,2017-09-20T19:59:56.996000Z,250,DPZ,Z,YI.34..DPZ,21600000,1,0,
2017,YI,YI.35,YI.35,32,2017-08-20,2017-09-20,2017-08-20T19:05:49.263998Z,2017-09-20T19:41:25.995999Z,250,DPZ,Z,YI.35..DPZ,21600000,1,0,
2017,YI,YI.36,YI.36,32,2017-08-20,2017-09-20,2017-08-20T18:27:56.983999Z,2017-09-20T19:20:28.995999Z,250,DPZ,Z,YI.36..DPZ,21600000,1,0,
2017,YI,YI.37,YI.37,32,2017-08-20,2017-09-20,2017-08-20T17:40:49.151998Z,2017-09-20T19:00:41.995999Z,250,DPZ,Z,YI.37..DPZ,21600000,1,0,
2017,YI,YI.38,YI.38,32,2017-08-20,2017-09-20,2017-08-20T23:50:16.575999Z,2017-09-20T18:35:33.995999Z,250,DPZ,Z,YI.38..DPZ,21600000,1,0,
2017,YI,YI.39,YI.39,31,2017-08-21,2017-09-20,2017-08-21T19:21:24.480000Z,2017-09-20T17:58:20.996000Z,250,DPZ,Z,YI.39..DPZ,21600000,1,0,
2017,YI,YI.4,YI.4,36,2017-08-22,2017-09-26,2017-08-22T17:41:36.364000Z,2017-09-26T16:56:04.996000Z,250,DPZ,Z,YI.4..DPZ,21600000,1,0,
2017,YI,YI.40,YI.40,31,2017-08-21,2017-09-20,2017-08-21T18:52:56.767998Z,2017-09-20T17:31:20.995999Z,250,DPZ,Z,YI.40..DPZ,21600000,1,0,
2017,YI,YI.41,YI.41,28,2017-08-24,2017-09-20,2017-08-24T21:13:26.891999Z,2017-09-20T17:12:17.995999Z,250,DPZ,Z,YI.41..DPZ,21600000,1,0,
2017,YI,YI.42,YI.42,31,2017-08-21,2017-09-20,2017-08-21T18:11:30.927999Z,2017-09-20T16:48:16.995999Z,250,DPZ,Z,YI.42..DPZ,21600000,1,0,
2017,YI,YI.43,YI.43,31,2017-08-21,2017-09-20,2017-08-21T17:47:31.079998Z,2017-09-20T16:29:32.995999Z,250,DPZ,Z,YI.43..DPZ,21600000,1,0,
2017,YI,YI.44,YI.44,31,2017-08-21,2017-09-20,2017-08-21T16:53:35.012000Z,2017-09-20T20:46:45.996000Z,250,DPZ,Z,YI.44..DPZ,21600000,1,0,
2017,YI,YI.45,YI.45,32,2017-08-20,2017-09-20,2017-08-20T17:13:08.256000Z,2017-09-20T20:20:21.996000Z,250,DPZ,Z,YI.45..DPZ,21600000,1,0,
2017,YI,YI.46,YI.46,32,2017-08-20,2017-09-20,2017-08-20T18:02:52.512000Z,2017-09-20T19:33:46.996000Z,250,DPZ,Z,YI.46..DPZ,21600000,1,0,
2017,YI,YI.47,YI.47,32,2017-08-20,2017-09-20,2017-08-20T18:21:08.279999Z,2017-09-20T19:23:40.995999Z,250,DPZ,Z,YI.47..DPZ,21600000,1,0,
2017,YI,YI.48,YI.48,32,2017-08-20,2017-09-20,2017-08-20T18:45:18.344000Z,2017-09-20T19:09:54.996000Z,250,DPZ,Z,YI.48..DPZ,21600000,1,0,
2017,YI,YI.49,YI.49,32,2017-08-20,2017-09-20,2017-08-20T19:06:10.976000Z,2017-09-20T18:54:42.996000Z,250,DPZ,Z,YI.49..DPZ,21600000,1,0,
2017,YI,YI.5,YI.5,34,2017-08-19,2017-09-21,2017-08-19T19:31:42.960000Z,2017-09-21T18:20:30.996000Z,250,DPZ,Z,YI.5..DPZ,21600000,1,0,
2017,YI,YI.50,YI.50,32,2017-08-20,2017-09-20,2017-08-20T19:28:56.203999Z,2017-09-20T18:34:25.995999Z,250,DPZ,Z,YI.50..DPZ,21600000,1,0,
2017,YI,YI.51,YI.51,32,2017-08-20,2017-09-20,2017-08-20T19:47:45.055999Z,2017-09-20T18:24:21.995999Z,250,DPZ,Z,YI.51..DPZ,21600000,1,0,
2017,YI,YI.52,YI.52,32,2017-08-20,2017-09-20,2017-08-20T18:16:44.660000Z,2017-09-20T18:15:28.996000Z,250,DPZ,Z,YI.52..DPZ,21600000,1,0,
2017,YI,YI.53,YI.53,28,2017-08-22,2017-09-20,2017-08-22T00:00:00.000000Z,2017-09-20T17:43:33.996000Z,250,DPZ,Z,YI.53..DPZ,21600000,1,0,
2017,YI,YI.54,YI.54,32,2017-08-20,2017-09-20,2017-08-20T19:43:40.171998Z,2017-09-20T17:14:46.995999Z,250,DPZ,Z,YI.54..DPZ,21600000,1,0,
2017,YI,YI.55,YI.55,32,2017-08-20,2017-09-20,2017-08-20T20:16:32.971998Z,2017-09-20T16:58:01.995999Z,250,DPZ,Z,YI.55..DPZ,21600000,1,0,
2017,YI,YI.56,YI.56,32,2017-08-20,2017-09-20,2017-08-20T20:40:20.747998Z,2017-09-20T19:50:42.995999Z,250,DPZ,Z,YI.56..DPZ,21600000,1,0,
2017,YI,YI.57,YI.57,32,2017-08-20,2017-09-20,2017-08-20T21:02:32.292000Z,2017-09-20T19:26:53.996000Z,250,DPZ,Z,YI.57..DPZ,21600000,1,0,
2017,YI,YI.58,YI.58,32,2017-08-20,2017-09-20,2017-08-20T21:24:04.740000Z,2017-09-20T19:04:07.996000Z,250,DPZ,Z,YI.58..DPZ,21600000,1,0,
2017,YI,YI.59,YI.59,33,2017-08-19,2017-09-20,2017-08-19T16:57:58.368000Z,2017-09-20T17:41:40.996000Z,250,DPZ,Z,YI.59..DPZ,21600000,1,0,
2017,YI,YI.6,YI.6,36,2017-08-22,2017-09-26,2017-08-22T18:00:56.971998Z,2017-09-26T16:47:52.995999Z,250,DPZ,Z,YI.6..DPZ,21600000,1,0,
2017,YI,YI.60,YI.60,34,2017-08-19,2017-09-21,2017-08-19T17:59:25.003998Z,2017-09-21T17:24:11.995999Z,250,DPZ,Z,YI.60..DPZ,21600000,1,0,
2017,YI,YI.61,YI.61,34,2017-08-19,2017-09-21,2017-08-19T18:27:12.263998Z,2017-09-21T17:37:01.995999Z,250,DPZ,Z,YI.61..DPZ,21600000,1,0,
2017,YI,YI.62,YI.62,34,2017-08-19,2017-09-21,2017-08-19T18:48:30.480000Z,2017-09-21T17:45:29.996000Z,250,DPZ,Z,YI.62..DPZ,21600000,1,0,
2017,YI,YI.63,YI.63,34,2017-08-19,2017-09-21,2017-08-19T19:32:30.723999Z,2017-09-21T18:04:41.995999Z,250,DPZ,Z,YI.63..DPZ,21600000,1,0,
2017,YI,YI.64,YI.64,34,2017-08-19,2017-09-21,2017-08-19T19:52:52.359998Z,2017-09-21T18:21:42.995999Z,250,DPZ,Z,YI.64..DPZ,21600000,1,0,
2017,YI,YI.65,YI.65,34,2017-08-19,2017-09-21,2017-08-19T20:16:48.240000Z,2017-09-21T18:32:49.996000Z,250,DPZ,Z,YI.65..DPZ,21600000,1,0,
2017,YI,YI.66,YI.66,34,2017-08-19,2017-09-21,2017-08-19T20:37:07.128000Z,2017-09-21T18:43:25.996000Z,250,DPZ,Z,YI.66..DPZ,21600000,1,0,
2017,YI,YI.67,YI.67,34,2017-08-19,2017-09-21,2017-08-19T20:58:06.743999Z,2017-09-21T18:58:20.995999Z,250,DPZ,Z,YI.67..DPZ,21600000,1,0,
2017,YI,YI.68,YI.68,34,2017-08-19,2017-09-21,2017-08-19T22:57:47.084000Z,2017-09-21T19:12:01.996000Z,250,DPZ,Z,YI.68..DPZ,21600000,1,0,
2017,YI,YI.69,YI.69,34,2017-08-19,2017-09-21,2017-08-19T22:36:58.888000Z,2017-09-21T19:27:22.996000Z,250,DPZ,Z,YI.69..DPZ,21600000,1,0,
2017,YI,YI.7,YI.7,36,2017-08-22,2017-09-26,2017-08-22T20:15:34.996000Z,2017-09-26T19:57:17.996000Z,250,DPZ,Z,YI.7..DPZ,21600000,1,0,
2017,YI,YI.70,YI.70,34,2017-08-19,2017-09-21,2017-08-19T22:16:08.631999Z,2017-09-21T19:37:41.995999Z,250,DPZ,Z,YI.70..DPZ,21600000,1,0,
2017,YI,YI.71,YI.71,34,2017-08-19,2017-09-21,2017-08-19T21:04:12.400000Z,2017-09-21T19:52:54.996000Z,250,DPZ,Z,YI.71..DPZ,21600000,1,0,
2017,YI,YI.72,YI.72,33,2017-08-21,2017-09-22,2017-08-21T23:43:13.084000Z,2017-09-22T01:25:20.996000Z,250,DPZ,Z,YI.72..DPZ,21600000,1,0,
2017,YI,YI.73,YI.73,33,2017-08-20,2017-09-22,2017-08-20T23:22:56.711998Z,2017-09-22T00:32:51.995999Z,250,DPZ,Z,YI.73..DPZ,21600000,1,0,
2017,YI,YI.74,YI.74,34,2017-08-20,2017-09-22,2017-08-20T23:40:08.604000Z,2017-09-22T00:38:37.996000Z,250,DPZ,Z,YI.74..DPZ,21600000,1,0,
2017,YI,YI.75,YI.75,34,2017-08-20,2017-09-22,2017-08-20T23:49:42.099998Z,2017-09-22T00:40:52.995999Z,250,DPZ,Z,YI.75..DPZ,21600000,1,0,
2017,YI,YI.76,YI.76,33,2017-08-21,2017-09-22,2017-08-21T00:27:12.095999Z,2017-09-22T00:45:16.995999Z,250,DPZ,Z,YI.76..DPZ,21600000,1,0,
2017,YI,YI.77,YI.77,33,2017-08-21,2017-09-22,2017-08-21T23:10:04.664000Z,2017-09-22T00:50:42.996000Z,250,DPZ,Z,YI.77..DPZ,21600000,1,0,
2017,YI,YI.78,YI.78,33,2017-08-21,2017-09-22,2017-08-21T23:16:57.151998Z,2017-09-22T00:53:28.995999Z,250,DPZ,Z,YI.78..DPZ,21600000,1,0,
2017,YI,YI.79,YI.79,34,2017-08-20,2017-09-22,2017-08-20T23:44:19.164000Z,2017-09-22T02:03:11.996000Z,250,DPZ,Z,YI.79..DPZ,21600000,1,0,
2017,YI,YI.8,YI.8,36,2017-08-22,2017-09-26,2017-08-22T21:03:38.907999Z,2017-09-26T19:49:36.995999Z,250,DPZ,Z,YI.8..DPZ,21600000,1,0,
2017,YI,YI.80,YI.80,33,2017-08-21,2017-09-22,2017-08-21T00:19:20.200000Z,2017-09-22T00:58:09.996000Z,250,DPZ,Z,YI.80..DPZ,21600000,1,0,
2017,YI,YI.81,YI.81,32,2017-08-22,2017-09-22,2017-08-22T00:08:26.732000Z,2017-09-22T01:08:31.996000Z,250,DPZ,Z,YI.81..DPZ,21600000,1,0,
2017,YI,YI.82,YI.82,33,2017-08-21,2017-09-22,2017-08-21T00:02:36.832000Z,2017-09-22T01:52:40.996000Z,250,DPZ,Z,YI.82..DPZ,21600000,1,0,
2017,YI,YI.83,YI.83,33,2017-08-21,2017-09-22,2017-08-21T23:37:36.951998Z,2017-09-22T01:29:36.995999Z,250,DPZ,Z,YI.83..DPZ,21600000,1,0,
2017,YI,YI.84,YI.84,33,2017-08-21,2017-09-22,2017-08-21T23:54:10.299998Z,2017-09-22T01:22:57.995999Z,250,DPZ,Z,YI.84..DPZ,21600000,1,0,
2017,YI,YI.85,YI.85,32,2017-08-22,2017-09-22,2017-08-22T00:08:17.016000Z,2017-09-22T01:16:08.996000Z,250,DPZ,Z,YI.85..DPZ,21600000,1,0,
2017,YI,YI.86,YI.86,33,2017-08-21,2017-09-22,2017-08-21T23:26:28.676000Z,2017-09-22T01:06:16.996000Z,250,DPZ,Z,YI.86..DPZ,21600000,1,0,
2017,YI,YI.87,YI.87,32,2017-08-22,2017-09-22,2017-08-22T00:15:13.299998Z,2017-09-22T01:13:47.995999Z,250,DPZ,Z,YI.87..DPZ,21600000,1,0,
2017,YI,YI.89,YI.89,33,2017-08-21,2017-09-22,2017-08-21T23:41:41.323998Z,2017-09-22T01:34:13.995999Z,250,DPZ,Z,YI.89..DPZ,21600000,1,0,
2017,YI,YI.9,YI.9,36,2017-08-22,2017-09-26,2017-08-22T20:44:32.160000Z,2017-09-26T19:36:05.996000Z,250,DPZ,Z,YI.9..DPZ,21600000,1,0,
2017,YI,YI.90,YI.90,33,2017-08-21,2017-09-22,2017-08-21T23:32:52.720000Z,2017-09-22T01:02:59.996000Z,250,DPZ,Z,YI.90..DPZ,21600000,1,0,
2017,YI,YI.91,YI.91,33,2017-08-21,2017-09-22,2017-08-21T23:31:47.799998Z,2017-09-22T01:11:21.995999Z,250,DPZ,Z,YI.91..DPZ,21600000,1,0,
2017,YI,YI.92,YI.92,33,2017-08-21,2017-09-22,2017-08-21T00:10:48.992000Z,2017-09-22T01:51:00.996000Z,250,DPZ,Z,YI.92..DPZ,21600000,1,0,
2017,YI,YI.93,YI.93,34,2017-08-24,2017-09-26,2017-08-24T20:58:22.308000Z,2017-09-26T17:18:55.996000Z,250,DPZ,Z,YI.93..DPZ,21600000,1,0,
2017,YI,YI.94,YI.94,34,2017-08-22,2017-09-26,2017-08-22T22:01:23.164000Z,2017-09-26T20:38:55.996000Z,250,DPZ,Z,YI.94..DPZ,21600000,1,0,
2017,YI,YI.95,YI.95,36,2017-08-22,2017-09-26,2017-08-22T21:38:40.375998Z,2017-09-26T20:45:29.995999Z,250,DPZ,Z,YI.95..DPZ,21600000,1,0,
2017,YI,YI.96,YI.96,36,2017-08-22,2017-09-26,2017-08-22T18:50:04.851999Z,2017-09-26T17:51:16.995999Z,250,DPZ,Z,YI.96..DPZ,21600000,1,0,
2017,YI,YI.97,YI.97,36,2017-08-22,2017-09-26,2017-08-22T21:27:44.644000Z,2017-09-26T20:09:59.996000Z,250,DPZ,Z,YI.97..DPZ,21600000,1,0,
2017,YI,YI.98,YI.98,36,2017-08-22,2017-09-26,2017-08-22T18:41:54.599998Z,2017-09-26T18:00:30.995999Z,250,DPZ,Z,YI.98..DPZ,21600000,1,0,
2017,YI,YI.99,YI.99,34,2017-08-24,2017-09-26,2017-08-24T20:58:22.319998Z,2017-09-26T20:04:28.995999Z,250,DPZ,Z,YI.99..DPZ,21600000,1,0,
2017,permanent,CC.JRO,CC.JRO,40,2017-08-19,2017-09-27,2017-08-19T00:00:00.005000Z,2017-09-27T23:59:59.985000Z,50,BHZ,Z,CC.JRO..BHZ,688,1,0,
2017,permanent,CC.PANH,CC.PANH,4,2017-09-24,2017-09-27,2017-09-24T17:21:52.000000Z,2017-09-28T00:00:00.000000Z,50,BHZ,Z,CC.PANH..BHZ,143400,1,0,
2017,permanent,CC.SEP,CC.SEP,40,2017-08-19,2017-09-27,2017-08-19T00:00:00.000000Z,2017-09-28T00:00:00.000000Z,50,EHZ,Z,CC.SEP..EHZ,882050,1,0,
2017,permanent,CC.STD,CC.STD,40,2017-08-19,2017-09-27,2017-08-19T00:00:00.015000Z,2017-09-27T23:59:59.985000Z,50,BHZ,Z,CC.STD..BHZ,4320000,1,0,
2017,permanent,CC.SUG,CC.SUG,40,2017-08-19,2017-09-27,2017-08-19T00:00:00.000000Z,2017-09-28T00:00:00.000000Z,50,EHZ,Z,CC.SUG..EHZ,935650,1,0,
2017,permanent,CC.SWF2,CC.SWF2,40,2017-08-19,2017-09-27,2017-08-19T00:00:00.000000Z,2017-09-28T00:00:00.000000Z,50,BHZ,Z,CC.SWF2..BHZ,4320001,1,0,
2017,permanent,CC.VALT,CC.VALT,40,2017-08-19,2017-09-27,2017-08-19T00:00:00.000000Z,2017-09-28T00:00:00.000000Z,50,BHZ,Z,CC.VALT..BHZ,4000,1,0,
2017,permanent,GS.ALBK,GS.ALBK,2,2017-09-07,2017-09-08,2017-09-07T18:05:31.000000Z,2017-09-08T05:23:18.990000Z,100,HNZ,Z,GS.ALBK..HNZ,5200,1,0,
2017,permanent,GS.BEAV,GS.BEAV,5,2017-08-25,2017-09-16,2017-08-25T14:09:40.000000Z,2017-09-16T15:54:02.990000Z,100,HNZ,Z,GS.BEAV..HNZ,5400,1,0,
2017,permanent,GS.CHIN,GS.CHIN,2,2017-08-28,2017-09-14,2017-08-28T00:20:20.000000Z,2017-09-14T11:58:43.990000Z,100,HNZ,Z,GS.CHIN..HNZ,5950,1,0,
2017,permanent,GS.CRCK,GS.CRCK,37,2017-08-19,2017-09-27,2017-08-19T00:00:00.000000Z,2017-09-27T23:28:41.990000Z,100,HNZ,Z,GS.CRCK..HNZ,7100,1,0,
2017,permanent,GS.CSOK,GS.CSOK,8,2017-08-29,2017-09-27,2017-08-29T13:31:45.000000Z,2017-09-27T15:30:42.990000Z,100,HNZ,Z,GS.CSOK..HNZ,5200,1,0,
2017,permanent,GS.DREG,,0,,,,,,,,,,1,0,
2017,permanent,GS.LEVE,GS.LEVE,4,2017-08-24,2017-09-27,2017-08-24T21:50:47.000000Z,2017-09-27T20:35:08.990000Z,100,HNZ,Z,GS.LEVE..HNZ,8250,1,0,
2017,permanent,GS.LOES,GS.LOES,9,2017-09-05,2017-09-18,2017-09-05T14:42:02.000000Z,2017-09-18T19:01:00.990000Z,100,HNZ,Z,GS.LOES..HNZ,6550,1,0,
2017,permanent,GS.PFS6,GS.PFS6,32,2017-08-19,2017-09-27,2017-08-19T00:41:07.000000Z,2017-09-27T23:38:59.990000Z,100,HNZ,Z,GS.PFS6..HNZ,5500,1,0,
2017,permanent,GS.RBOK,GS.RBOK,3,2017-09-18,2017-09-21,2017-09-18T19:37:31.000000Z,2017-09-21T17:02:20.990000Z,100,HNZ,Z,GS.RBOK..HNZ,7500,1,0,
2017,permanent,GS.SAIL,GS.SAIL,24,2017-08-19,2017-09-16,2017-08-19T18:22:12.000000Z,2017-09-16T00:59:59.990000Z,100,HNZ,Z,GS.SAIL..HNZ,1900,1,0,
2017,permanent,NP.2172,NP.2172,40,2017-08-19,2017-09-27,2017-08-19T00:00:00.000000Z,2017-09-28T00:00:00.000000Z,200,HNZ,Z,NP.2172..HNZ,19176,1,0,
2017,permanent,NP.2190,,0,,,,,,,,,,1,0,
2017,permanent,NP.7000,,0,,,,,,,,,,1,0,
2017,permanent,NP.7007,,0,,,,,,,,,,1,0,
2017,permanent,NP.7018,,0,,,,,,,,,,1,0,
2017,permanent,NP.7042,NP.7042,40,2017-08-19,2017-09-27,2017-08-19T00:00:00.000000Z,2017-09-28T00:00:00.000000Z,200,HNZ,Z,NP.7042..HNZ,3157919,1,0,
2017,permanent,NP.7053,,0,,,,,,,,,,1,0,
2017,permanent,NP.7061,,0,,,,,,,,,,1,0,
2017,permanent,PB.B023,PB.B023,40,2017-08-19,2017-09-27,2017-08-19T00:00:00.008400Z,2017-09-27T23:59:59.998400Z,100,EHZ,Z,PB.B023..EHZ,8640000,1,0,
2017,permanent,PB.B201,PB.B201,40,2017-08-19,2017-09-27,2017-08-19T00:00:00.008400Z,2017-09-27T23:59:59.998400Z,100,EHZ,Z,PB.B201..EHZ,8640000,1,0,
2017,permanent,PB.B202,PB.B202,30,2017-08-29,2017-09-27,2017-08-29T18:30:43.968400Z,2017-09-27T23:59:59.998400Z,100,EHZ,Z,PB.B202..EHZ,3957000,1,0,
2017,permanent,PB.B203,PB.B203,40,2017-08-19,2017-09-27,2017-08-19T00:00:00.008400Z,2017-09-27T23:59:59.998400Z,100,EHZ,Z,PB.B203..EHZ,8640000,1,0,
2017,permanent,PB.B204,PB.B204,40,2017-08-19,2017-09-27,2017-08-19T00:00:00.008400Z,2017-09-27T23:59:59.998400Z,100,EHZ,Z,PB.B204..EHZ,8640000,1,0,
2017,permanent,UO.RAIN,UO.RAIN,40,2017-08-19,2017-09-27,2017-08-19T00:00:00.008391Z,2017-09-27T23:59:59.998393Z,100,ENZ;HHZ,Z,UO.RAIN..ENZ;UO.RAIN..HHZ,600,1,0,
2017,permanent,UW.ALST,UW.ALST,40,2017-08-19,2017-09-27,2017-08-19T00:00:00.000000Z,2017-09-28T00:00:00.000000Z,100,ENZ,Z,UW.ALST..ENZ,497,1,0,
2017,permanent,UW.ASR,UW.ASR,40,2017-08-19,2017-09-27,2017-08-19T00:00:00.001141Z,2017-09-27T23:59:59.790010Z,100,EHZ,Z,UW.ASR..EHZ,7823428,1,0,
2017,permanent,UW.AUG,UW.AUG,40,2017-08-19,2017-09-27,2017-08-19T00:00:00.001130Z,2017-09-27T23:59:59.790010Z,100,EHZ,Z,UW.AUG..EHZ,7976400,1,0,
2017,permanent,UW.BOW,UW.BOW,40,2017-08-19,2017-09-27,2017-08-19T00:00:00.001117Z,2017-09-27T23:59:59.790010Z,100,EHZ,Z,UW.BOW..EHZ,8011535,1,0,
2017,permanent,UW.CDF,UW.CDF,40,2017-08-19,2017-09-27,2017-08-19T00:00:00.001130Z,2017-09-27T23:59:59.790010Z,100,EHZ,Z,UW.CDF..EHZ,8384658,1,0,
2017,permanent,UW.EDM,UW.EDM,40,2017-08-19,2017-09-27,2017-08-19T00:00:00.001117Z,2017-09-27T23:59:59.790010Z,100,EHZ,Z,UW.EDM..EHZ,7976400,1,0,
2017,permanent,UW.ELK,UW.ELK,40,2017-08-19,2017-09-27,2017-08-19T00:00:00.001149Z,2017-09-27T23:59:59.790010Z,100,EHZ,Z,UW.ELK..EHZ,8639944,1,0,
2017,permanent,UW.FL2,UW.FL2,40,2017-08-19,2017-09-27,2017-08-19T00:00:00.001136Z,2017-09-27T23:59:59.790010Z,100,EHZ,Z,UW.FL2..EHZ,8639945,1,0,
2017,permanent,UW.GLK,UW.GLK,40,2017-08-19,2017-09-27,2017-08-19T00:00:00.001141Z,2017-09-27T23:59:59.790010Z,100,EHZ,Z,UW.GLK..EHZ,8384658,1,0,
2017,permanent,UW.HSR,UW.HSR,42,2017-08-19,2017-09-27,2017-08-19T00:00:00.001136Z,2017-09-27T23:59:59.790010Z,100,EHZ,Z,UW.HSR..EHZ,8639944,1,0,
2017,permanent,UW.HUBA,UW.HUBA,40,2017-08-19,2017-09-27,2017-08-19T00:00:00.000000Z,2017-09-28T00:00:00.000000Z,100,ENZ,Z,UW.HUBA..ENZ,803,1,0,
2017,permanent,UW.JUN,UW.JUN,40,2017-08-19,2017-09-27,2017-08-19T00:00:00.001117Z,2017-09-27T23:59:59.790010Z,100,EHZ,Z,UW.JUN..EHZ,8639944,1,0,
2017,permanent,UW.KEEL,UW.KEEL,17,2017-08-19,2017-09-17,2017-08-19T00:00:00.000000Z,2017-09-17T03:28:34.665000Z,200,HNZ,Z,UW.KEEL..HNZ,94,1,0,
2017,permanent,UW.KOS,,0,,,,,,,,,,1,0,
2017,permanent,UW.KREP,UW.KREP,28,2017-08-31,2017-09-27,2017-08-31T22:15:16.680000Z,2017-09-28T00:00:00.000000Z,100,ENZ,Z,UW.KREP..ENZ,480933,1,0,
2017,permanent,UW.LCW,UW.LCW,42,2017-08-19,2017-09-27,2017-08-19T00:00:00.001130Z,2017-09-27T23:59:59.790010Z,100,EHZ,Z,UW.LCW..EHZ,8384608,1,0,
2017,permanent,UW.LO2,UW.LO2,41,2017-08-19,2017-09-27,2017-08-19T00:00:00.001136Z,2017-09-27T23:59:59.790010Z,100,EHZ,Z,UW.LO2..EHZ,8129372,1,0,
2017,permanent,UW.LON,UW.LON,40,2017-08-19,2017-09-27,2017-08-19T00:00:00.000000Z,2017-09-28T00:00:00.000000Z,40;100,BHZ;ENZ,Z,UW.LON..BHZ;UW.LON..ENZ,721,1,0,
2017,permanent,UW.MTM,UW.MTM,43,2017-08-19,2017-09-27,2017-08-19T00:00:00.001136Z,2017-09-27T23:59:59.790010Z,100,EHZ,Z,UW.MTM..EHZ,8639945,1,0,
2017,permanent,UW.NAC,UW.NAC,41,2017-08-19,2017-09-27,2017-08-19T00:00:00.001122Z,2017-09-27T23:59:59.790010Z,100,EHZ,Z,UW.NAC..EHZ,7637800,1,0,
2017,permanent,UW.QAMI,,0,,,,,,,,,,1,0,
2017,permanent,UW.QCEN,UW.QCEN,10,2017-08-21,2017-09-22,2017-08-21T17:40:29.200000Z,2017-09-22T19:55:00.745000Z,200,HNZ,Z,UW.QCEN.01.HNZ,48204,1,0,
2017,permanent,UW.QDJW,UW.QDJW,6,2017-08-23,2017-09-27,2017-08-23T20:24:06.010000Z,2017-09-27T03:31:50.850000Z,200,HNZ,Z,UW.QDJW.01.HNZ,48206,1,0,
2017,permanent,UW.QFUG,UW.QFUG,7,2017-08-19,2017-09-27,2017-08-19T01:25:55.960000Z,2017-09-27T03:31:51.165000Z,200,HNZ,Z,UW.QFUG.01.HNZ,48360,1,0,
2017,permanent,UW.QMAD,UW.QMAD,7,2017-08-24,2017-09-27,2017-08-24T21:49:59.160000Z,2017-09-27T03:31:51.430000Z,200,HNZ,Z,UW.QMAD.01.HNZ,48476,1,0,
2017,permanent,UW.QNCH,UW.QNCH,3,2017-08-29,2017-09-27,2017-08-29T17:56:26.965000Z,2017-09-27T03:32:00.880000Z,200,HNZ,Z,UW.QNCH.01.HNZ,48299,1,0,
2017,permanent,UW.QSAL,UW.QSAL,10,2017-08-24,2017-09-27,2017-08-24T21:49:59.110000Z,2017-09-27T03:31:50.640000Z,200,HNZ,Z,UW.QSAL.01.HNZ,48214,1,0,
2017,permanent,UW.QWAK,UW.QWAK,3,2017-09-17,2017-09-27,2017-09-17T15:23:20.915000Z,2017-09-27T03:31:50.610000Z,200,HNZ,Z,UW.QWAK.01.HNZ,48272,1,0,
2017,permanent,UW.QWLM,UW.QWLM,33,2017-08-20,2017-09-27,2017-08-20T00:36:24.965000Z,2017-09-27T03:32:00.155000Z,200,HNZ,Z,UW.QWLM.01.HNZ,18640,1,0,
2017,permanent,UW.QWZR,UW.QWZR,7,2017-08-24,2017-09-27,2017-08-24T21:49:58.380000Z,2017-09-27T03:31:50.100000Z,200,HNZ,Z,UW.QWZR.01.HNZ,48399,1,0,
2017,permanent,UW.RCM,UW.RCM,3,2017-08-29,2017-09-27,2017-08-29T20:32:06.000000Z,2017-09-28T00:00:00.000000Z,100,EHZ,Z,UW.RCM..EHZ,18500,1,0,
2017,permanent,UW.RCS,UW.RCS,41,2017-08-19,2017-09-27,2017-08-19T00:00:00.001122Z,2017-09-27T23:59:59.790010Z,100,EHZ,Z,UW.RCS..EHZ,8639944,1,0,
2017,permanent,UW.RER,UW.RER,42,2017-08-19,2017-09-27,2017-08-19T00:00:00.000000Z,2017-09-28T00:00:00.000000Z,100,EHZ,Z,UW.RER..EHZ,2249871,1,0,
2017,permanent,UW.ROSS,UW.ROSS,40,2017-08-19,2017-09-27,2017-08-19T00:00:00.005000Z,2017-09-27T23:59:59.995000Z,100,ENZ,Z,UW.ROSS..ENZ,8640000,1,0,
2017,permanent,UW.RRHS,UW.RRHS,43,2017-08-19,2017-09-27,2017-08-19T00:00:00.000000Z,2017-09-28T00:00:00.000000Z,100,EHZ,Z,UW.RRHS..EHZ,809,1,0,
2017,permanent,UW.RVW,UW.RVW,40,2017-08-19,2017-09-27,2017-08-19T00:00:00.001122Z,2017-09-27T23:59:59.790010Z,100,EHZ,Z,UW.RVW..EHZ,8639944,1,0,
2017,permanent,UW.SHW,UW.SHW,41,2017-08-19,2017-09-27,2017-08-19T00:00:00.001149Z,2017-09-27T23:59:59.790010Z,100,EHZ,Z,UW.SHW..EHZ,8639945,1,0,
2017,permanent,UW.SOS,UW.SOS,43,2017-08-19,2017-09-27,2017-08-19T00:00:00.001136Z,2017-09-27T23:59:59.790010Z,100,EHZ,Z,UW.SOS..EHZ,7637800,1,0,
2017,permanent,UW.STAR,UW.STAR,42,2017-08-19,2017-09-27,2017-08-19T00:00:00.001109Z,2017-09-27T23:59:59.790010Z,100,EHZ,Z,UW.STAR..EHZ,8639945,1,0,
2017,permanent,UW.STD,UW.STD,28,2017-08-19,2017-09-13,2017-08-19T00:00:00.001109Z,2017-09-13T23:18:42.110001Z,100,EHZ,Z,UW.STD..EHZ,8639946,1,0,
2017,permanent,UW.TDL,UW.TDL,41,2017-08-19,2017-09-27,2017-08-19T00:00:00.001117Z,2017-09-27T23:59:59.790010Z,100,EHZ,Z,UW.TDL..EHZ,8639944,1,0,
2017,permanent,UW.VGB,UW.VGB,42,2017-08-19,2017-09-27,2017-08-19T00:00:00.001117Z,2017-09-27T23:59:59.790010Z,100,EHZ,Z,UW.VGB..EHZ,8639944,1,0,
2017,permanent,UW.VLM,UW.VLM,27,2017-08-19,2017-09-13,2017-08-19T00:00:00.001141Z,2017-09-13T16:43:31.330004Z,100,EHZ,Z,UW.VLM..EHZ,8639946,1,0,
2017,permanent,UW.WPO,UW.WPO,42,2017-08-19,2017-09-27,2017-08-19T00:00:00.000000Z,2017-09-28T00:00:00.000000Z,100,EHZ,Z,UW.WPO..EHZ,390,1,0,
2017,permanent,UW.YACT,UW.YACT,40,2017-08-19,2017-09-27,2017-08-19T00:00:00.008393Z,2017-09-27T23:59:59.998393Z,100,ENZ;HHZ,Z,UW.YACT..ENZ;UW.YACT..HHZ,500,1,0,
2017,permanent,X4.CVP01,X4.CVP01,40,2017-08-19,2017-09-27,2017-08-19T00:00:00.000000Z,2017-09-28T00:00:00.000000Z,100,HHZ,Z,X4.CVP01..HHZ,8640001,1,0,
2017,permanent,X4.CVP02,X4.CVP02,40,2017-08-19,2017-09-27,2017-08-19T00:00:00.005000Z,2017-09-27T23:59:59.995000Z,100,HHZ,Z,X4.CVP02..HHZ,8640000,1,0,
2017,permanent,X4.CVP03,X4.CVP03,40,2017-08-19,2017-09-27,2017-08-19T00:00:00.000000Z,2017-09-28T00:00:00.000000Z,100,HHZ,Z,X4.CVP03..HHZ,8640001,1,0,
2017,permanent,X4.CVP04,X4.CVP04,40,2017-08-19,2017-09-27,2017-08-19T00:00:00.000000Z,2017-09-28T00:00:00.000000Z,100,HHZ,Z,X4.CVP04..HHZ,8640001,1,0,
2017,permanent,X4.CVP05,X4.CVP05,34,2017-08-25,2017-09-27,2017-08-25T19:28:01.000000Z,2017-09-28T00:00:00.000000Z,100,HHZ,Z,X4.CVP05..HHZ,8640001,1,0,
2017,permanent,X4.CVP09,X4.CVP09,22,2017-09-06,2017-09-27,2017-09-06T18:54:01.005000Z,2017-09-27T23:59:59.995000Z,100,HHZ,Z,X4.CVP09..HHZ,8640000,1,0,
2017,permanent,X4.CVP11,X4.CVP11,21,2017-09-07,2017-09-27,2017-09-07T20:14:49.005000Z,2017-09-27T23:59:59.995000Z,100,HHZ,Z,X4.CVP11..HHZ,8640000,1,0,
2017,permanent,X4.LR14,X4.LR14,19,2017-08-19,2017-09-06,2017-08-19T00:00:00.000000Z,2017-09-06T00:05:00.660000Z,100,HHZ,Z,X4.LR14..HHZ,8640001,1,0,
